DATAFLOW,LAST UPDATE,freq,iccs,unit,geo,TIME_PERIOD,Value,OBS_FLAG
ESTAT:CRIM_OFF_CAT(1.0),23/04/24 23:00:00,Annual,Sexual violence,Per hundred thousand inhabitants,Albania,2008,"1,8",
ESTAT:CRIM_OFF_CAT(1.0),23/04/24 23:00:00,Annual,Sexual violence,Per hundred thousand inhabitants,Albania,2009,"1,98",
ESTAT:CRIM_OFF_CAT(1.0),23/04/24 23:00:00,Annual,Sexual violence,Per hundred thousand inhabitants,Albania,2011,"1,55",
ESTAT:CRIM_OFF_CAT(1.0),23/04/24 23:00:00,Annual,Sexual violence,Per hundred thousand inhabitants,Albania,2014,"3,35",
ESTAT:CRIM_OFF_CAT(1.0),23/04/24 23:00:00,Annual,Sexual violence,Per hundred thousand inhabitants,Albania,2015,"5,16",
ESTAT:CRIM_OFF_CAT(1.0),23/04/24 23:00:00,Annual,Sexual violence,Per hundred thousand inhabitants,Albania,2016,"4,17",
ESTAT:CRIM_OFF_CAT(1.0),23/04/24 23:00:00,Annual,Sexual violence,Per hundred thousand inhabitants,Albania,2017,"3,93",
ESTAT:CRIM_OFF_CAT(1.0),23/04/24 23:00:00,Annual,Sexual violence,Per hundred thousand inhabitants,Albania,2018,"3,8",
ESTAT:CRIM_OFF_CAT(1.0),23/04/24 23:00:00,Annual,Sexual violence,Per hundred thousand inhabitants,Albania,2019,"5,38",
ESTAT:CRIM_OFF_CAT(1.0),23/04/24 23:00:00,Annual,Sexual violence,Per hundred thousand inhabitants,Albania,2020,"5,09",
ESTAT:CRIM_OFF_CAT(1.0),23/04/24 23:00:00,Annual,Sexual violence,Per hundred thousand inhabitants,Albania,2021,"4,77",
ESTAT:CRIM_OFF_CAT(1.0),23/04/24 23:00:00,Annual,Sexual violence,Per hundred thousand inhabitants,Albania,2022,"6,05",
ESTAT:CRIM_OFF_CAT(1.0),23/04/24 23:00:00,Annual,Sexual violence,Per hundred thousand inhabitants,Austria,2008,"50,37",
ESTAT:CRIM_OFF_CAT(1.0),23/04/24 23:00:00,Annual,Sexual violence,Per hundred thousand inhabitants,Austria,2009,"46,02",
ESTAT:CRIM_OFF_CAT(1.0),23/04/24 23:00:00,Annual,Sexual violence,Per hundred thousand inhabitants,Austria,2010,"41,86",
ESTAT:CRIM_OFF_CAT(1.0),23/04/24 23:00:00,Annual,Sexual violence,Per hundred thousand inhabitants,Austria,2011,"47,25",
ESTAT:CRIM_OFF_CAT(1.0),23/04/24 23:00:00,Annual,Sexual violence,Per hundred thousand inhabitants,Austria,2012,"48,05",
ESTAT:CRIM_OFF_CAT(1.0),23/04/24 23:00:00,Annual,Sexual violence,Per hundred thousand inhabitants,Austria,2013,"44,72",
ESTAT:CRIM_OFF_CAT(1.0),23/04/24 23:00:00,Annual,Sexual violence,Per hundred thousand inhabitants,Austria,2014,"41,9",
ESTAT:CRIM_OFF_CAT(1.0),23/04/24 23:00:00,Annual,Sexual violence,Per hundred thousand inhabitants,Austria,2015,"40,57",
ESTAT:CRIM_OFF_CAT(1.0),23/04/24 23:00:00,Annual,Sexual violence,Per hundred thousand inhabitants,Austria,2016,"50,53",
ESTAT:CRIM_OFF_CAT(1.0),23/04/24 23:00:00,Annual,Sexual violence,Per hundred thousand inhabitants,Austria,2017,"48,48",
ESTAT:CRIM_OFF_CAT(1.0),23/04/24 23:00:00,Annual,Sexual violence,Per hundred thousand inhabitants,Austria,2018,"50,16",
ESTAT:CRIM_OFF_CAT(1.0),23/04/24 23:00:00,Annual,Sexual violence,Per hundred thousand inhabitants,Austria,2019,"50,9",
ESTAT:CRIM_OFF_CAT(1.0),23/04/24 23:00:00,Annual,Sexual violence,Per hundred thousand inhabitants,Austria,2020,"46,52",
ESTAT:CRIM_OFF_CAT(1.0),23/04/24 23:00:00,Annual,Sexual violence,Per hundred thousand inhabitants,Austria,2021,"48,74",
ESTAT:CRIM_OFF_CAT(1.0),23/04/24 23:00:00,Annual,Sexual violence,Per hundred thousand inhabitants,Austria,2022,"55,33",
ESTAT:CRIM_OFF_CAT(1.0),23/04/24 23:00:00,Annual,Sexual violence,Per hundred thousand inhabitants,Belgium,2008,"101,05",
ESTAT:CRIM_OFF_CAT(1.0),23/04/24 23:00:00,Annual,Sexual violence,Per hundred thousand inhabitants,Belgium,2009,"98,66",
ESTAT:CRIM_OFF_CAT(1.0),23/04/24 23:00:00,Annual,Sexual violence,Per hundred thousand inhabitants,Belgium,2010,"100,77",
ESTAT:CRIM_OFF_CAT(1.0),23/04/24 23:00:00,Annual,Sexual violence,Per hundred thousand inhabitants,Belgium,2011,"102,72",
ESTAT:CRIM_OFF_CAT(1.0),23/04/24 23:00:00,Annual,Sexual violence,Per hundred thousand inhabitants,Belgium,2012,"96,77",
ESTAT:CRIM_OFF_CAT(1.0),23/04/24 23:00:00,Annual,Sexual violence,Per hundred thousand inhabitants,Belgium,2013,"102,13",
ESTAT:CRIM_OFF_CAT(1.0),23/04/24 23:00:00,Annual,Sexual violence,Per hundred thousand inhabitants,Belgium,2014,"61,69",
ESTAT:CRIM_OFF_CAT(1.0),23/04/24 23:00:00,Annual,Sexual violence,Per hundred thousand inhabitants,Belgium,2015,"61,3",
ESTAT:CRIM_OFF_CAT(1.0),23/04/24 23:00:00,Annual,Sexual violence,Per hundred thousand inhabitants,Belgium,2016,"69,24",
ESTAT:CRIM_OFF_CAT(1.0),23/04/24 23:00:00,Annual,Sexual violence,Per hundred thousand inhabitants,Belgium,2017,"76,06",
ESTAT:CRIM_OFF_CAT(1.0),23/04/24 23:00:00,Annual,Sexual violence,Per hundred thousand inhabitants,Belgium,2018,"76,65",
ESTAT:CRIM_OFF_CAT(1.0),23/04/24 23:00:00,Annual,Sexual violence,Per hundred thousand inhabitants,Belgium,2019,"84,13",
ESTAT:CRIM_OFF_CAT(1.0),23/04/24 23:00:00,Annual,Sexual violence,Per hundred thousand inhabitants,Belgium,2020,"81,56",
ESTAT:CRIM_OFF_CAT(1.0),23/04/24 23:00:00,Annual,Sexual violence,Per hundred thousand inhabitants,Belgium,2021,"91,11",
ESTAT:CRIM_OFF_CAT(1.0),23/04/24 23:00:00,Annual,Sexual violence,Per hundred thousand inhabitants,Belgium,2022,"92,04",
ESTAT:CRIM_OFF_CAT(1.0),23/04/24 23:00:00,Annual,Sexual violence,Per hundred thousand inhabitants,Bulgaria,2008,"9,96",
ESTAT:CRIM_OFF_CAT(1.0),23/04/24 23:00:00,Annual,Sexual violence,Per hundred thousand inhabitants,Bulgaria,2009,"9,72",
ESTAT:CRIM_OFF_CAT(1.0),23/04/24 23:00:00,Annual,Sexual violence,Per hundred thousand inhabitants,Bulgaria,2010,"9,38",
ESTAT:CRIM_OFF_CAT(1.0),23/04/24 23:00:00,Annual,Sexual violence,Per hundred thousand inhabitants,Bulgaria,2011,"8,81",
ESTAT:CRIM_OFF_CAT(1.0),23/04/24 23:00:00,Annual,Sexual violence,Per hundred thousand inhabitants,Bulgaria,2012,"9,36",
ESTAT:CRIM_OFF_CAT(1.0),23/04/24 23:00:00,Annual,Sexual violence,Per hundred thousand inhabitants,Bulgaria,2013,"8,68",
ESTAT:CRIM_OFF_CAT(1.0),23/04/24 23:00:00,Annual,Sexual violence,Per hundred thousand inhabitants,Bulgaria,2014,"8,42",
ESTAT:CRIM_OFF_CAT(1.0),23/04/24 23:00:00,Annual,Sexual violence,Per hundred thousand inhabitants,Bulgaria,2015,"8,37",
ESTAT:CRIM_OFF_CAT(1.0),23/04/24 23:00:00,Annual,Sexual violence,Per hundred thousand inhabitants,Bulgaria,2016,"7,74",
ESTAT:CRIM_OFF_CAT(1.0),23/04/24 23:00:00,Annual,Sexual violence,Per hundred thousand inhabitants,Bulgaria,2017,"9,19",
ESTAT:CRIM_OFF_CAT(1.0),23/04/24 23:00:00,Annual,Sexual violence,Per hundred thousand inhabitants,Bulgaria,2018,"8,16",
ESTAT:CRIM_OFF_CAT(1.0),23/04/24 23:00:00,Annual,Sexual violence,Per hundred thousand inhabitants,Bulgaria,2019,"8,64",
ESTAT:CRIM_OFF_CAT(1.0),23/04/24 23:00:00,Annual,Sexual violence,Per hundred thousand inhabitants,Bulgaria,2020,"8,17",
ESTAT:CRIM_OFF_CAT(1.0),23/04/24 23:00:00,Annual,Sexual violence,Per hundred thousand inhabitants,Bulgaria,2021,"7,91",
ESTAT:CRIM_OFF_CAT(1.0),23/04/24 23:00:00,Annual,Sexual violence,Per hundred thousand inhabitants,Bulgaria,2022,"8,29",
ESTAT:CRIM_OFF_CAT(1.0),23/04/24 23:00:00,Annual,Sexual violence,Per hundred thousand inhabitants,Switzerland,2009,"38,79",
ESTAT:CRIM_OFF_CAT(1.0),23/04/24 23:00:00,Annual,Sexual violence,Per hundred thousand inhabitants,Switzerland,2010,32,
ESTAT:CRIM_OFF_CAT(1.0),23/04/24 23:00:00,Annual,Sexual violence,Per hundred thousand inhabitants,Switzerland,2011,"35,78",
ESTAT:CRIM_OFF_CAT(1.0),23/04/24 23:00:00,Annual,Sexual violence,Per hundred thousand inhabitants,Switzerland,2012,"32,44",
ESTAT:CRIM_OFF_CAT(1.0),23/04/24 23:00:00,Annual,Sexual violence,Per hundred thousand inhabitants,Switzerland,2013,"33,54",
ESTAT:CRIM_OFF_CAT(1.0),23/04/24 23:00:00,Annual,Sexual violence,Per hundred thousand inhabitants,Switzerland,2014,"33,75",
ESTAT:CRIM_OFF_CAT(1.0),23/04/24 23:00:00,Annual,Sexual violence,Per hundred thousand inhabitants,Switzerland,2015,"32,9",
ESTAT:CRIM_OFF_CAT(1.0),23/04/24 23:00:00,Annual,Sexual violence,Per hundred thousand inhabitants,Switzerland,2016,"32,93",
ESTAT:CRIM_OFF_CAT(1.0),23/04/24 23:00:00,Annual,Sexual violence,Per hundred thousand inhabitants,Switzerland,2017,"44,6",
ESTAT:CRIM_OFF_CAT(1.0),23/04/24 23:00:00,Annual,Sexual violence,Per hundred thousand inhabitants,Switzerland,2018,"33,51",
ESTAT:CRIM_OFF_CAT(1.0),23/04/24 23:00:00,Annual,Sexual violence,Per hundred thousand inhabitants,Switzerland,2019,32,
ESTAT:CRIM_OFF_CAT(1.0),23/04/24 23:00:00,Annual,Sexual violence,Per hundred thousand inhabitants,Switzerland,2020,"33,8",
ESTAT:CRIM_OFF_CAT(1.0),23/04/24 23:00:00,Annual,Sexual violence,Per hundred thousand inhabitants,Switzerland,2021,"35,18",
ESTAT:CRIM_OFF_CAT(1.0),23/04/24 23:00:00,Annual,Sexual violence,Per hundred thousand inhabitants,Switzerland,2022,"36,01",
ESTAT:CRIM_OFF_CAT(1.0),23/04/24 23:00:00,Annual,Sexual violence,Per hundred thousand inhabitants,Cyprus,2008,"12,49",
ESTAT:CRIM_OFF_CAT(1.0),23/04/24 23:00:00,Annual,Sexual violence,Per hundred thousand inhabitants,Cyprus,2009,"9,79",
ESTAT:CRIM_OFF_CAT(1.0),23/04/24 23:00:00,Annual,Sexual violence,Per hundred thousand inhabitants,Cyprus,2010,"9,64",
ESTAT:CRIM_OFF_CAT(1.0),23/04/24 23:00:00,Annual,Sexual violence,Per hundred thousand inhabitants,Cyprus,2011,"5,6",
ESTAT:CRIM_OFF_CAT(1.0),23/04/24 23:00:00,Annual,Sexual violence,Per hundred thousand inhabitants,Cyprus,2012,"3,83",
ESTAT:CRIM_OFF_CAT(1.0),23/04/24 23:00:00,Annual,Sexual violence,Per hundred thousand inhabitants,Cyprus,2013,"2,77",
ESTAT:CRIM_OFF_CAT(1.0),23/04/24 23:00:00,Annual,Sexual violence,Per hundred thousand inhabitants,Cyprus,2014,"2,21",
ESTAT:CRIM_OFF_CAT(1.0),23/04/24 23:00:00,Annual,Sexual violence,Per hundred thousand inhabitants,Cyprus,2015,"2,48",
ESTAT:CRIM_OFF_CAT(1.0),23/04/24 23:00:00,Annual,Sexual violence,Per hundred thousand inhabitants,Cyprus,2016,"2,83",
ESTAT:CRIM_OFF_CAT(1.0),23/04/24 23:00:00,Annual,Sexual violence,Per hundred thousand inhabitants,Cyprus,2017,"2,34",
ESTAT:CRIM_OFF_CAT(1.0),23/04/24 23:00:00,Annual,Sexual violence,Per hundred thousand inhabitants,Cyprus,2018,"3,36",
ESTAT:CRIM_OFF_CAT(1.0),23/04/24 23:00:00,Annual,Sexual violence,Per hundred thousand inhabitants,Cyprus,2019,"1,94",
ESTAT:CRIM_OFF_CAT(1.0),23/04/24 23:00:00,Annual,Sexual violence,Per hundred thousand inhabitants,Cyprus,2020,"3,38",
ESTAT:CRIM_OFF_CAT(1.0),23/04/24 23:00:00,Annual,Sexual violence,Per hundred thousand inhabitants,Cyprus,2021,"7,03",
ESTAT:CRIM_OFF_CAT(1.0),23/04/24 23:00:00,Annual,Sexual violence,Per hundred thousand inhabitants,Cyprus,2022,"6,3",
ESTAT:CRIM_OFF_CAT(1.0),23/04/24 23:00:00,Annual,Sexual violence,Per hundred thousand inhabitants,Czechia,2008,"16,24",
ESTAT:CRIM_OFF_CAT(1.0),23/04/24 23:00:00,Annual,Sexual violence,Per hundred thousand inhabitants,Czechia,2009,"16,59",
ESTAT:CRIM_OFF_CAT(1.0),23/04/24 23:00:00,Annual,Sexual violence,Per hundred thousand inhabitants,Czechia,2010,"12,78",
ESTAT:CRIM_OFF_CAT(1.0),23/04/24 23:00:00,Annual,Sexual violence,Per hundred thousand inhabitants,Czechia,2011,"13,88",
ESTAT:CRIM_OFF_CAT(1.0),23/04/24 23:00:00,Annual,Sexual violence,Per hundred thousand inhabitants,Czechia,2012,"13,42",
ESTAT:CRIM_OFF_CAT(1.0),23/04/24 23:00:00,Annual,Sexual violence,Per hundred thousand inhabitants,Czechia,2013,"13,47",
ESTAT:CRIM_OFF_CAT(1.0),23/04/24 23:00:00,Annual,Sexual violence,Per hundred thousand inhabitants,Czechia,2014,"13,62",
ESTAT:CRIM_OFF_CAT(1.0),23/04/24 23:00:00,Annual,Sexual violence,Per hundred thousand inhabitants,Czechia,2015,"13,49",
ESTAT:CRIM_OFF_CAT(1.0),23/04/24 23:00:00,Annual,Sexual violence,Per hundred thousand inhabitants,Czechia,2016,"13,2",
ESTAT:CRIM_OFF_CAT(1.0),23/04/24 23:00:00,Annual,Sexual violence,Per hundred thousand inhabitants,Czechia,2017,"13,37",
ESTAT:CRIM_OFF_CAT(1.0),23/04/24 23:00:00,Annual,Sexual violence,Per hundred thousand inhabitants,Czechia,2018,"13,65",
ESTAT:CRIM_OFF_CAT(1.0),23/04/24 23:00:00,Annual,Sexual violence,Per hundred thousand inhabitants,Czechia,2019,"14,65",
ESTAT:CRIM_OFF_CAT(1.0),23/04/24 23:00:00,Annual,Sexual violence,Per hundred thousand inhabitants,Czechia,2020,"13,59",
ESTAT:CRIM_OFF_CAT(1.0),23/04/24 23:00:00,Annual,Sexual violence,Per hundred thousand inhabitants,Czechia,2021,"14,89",
ESTAT:CRIM_OFF_CAT(1.0),23/04/24 23:00:00,Annual,Sexual violence,Per hundred thousand inhabitants,Czechia,2022,"17,32",
ESTAT:CRIM_OFF_CAT(1.0),23/04/24 23:00:00,Annual,Sexual violence,Per hundred thousand inhabitants,Germany,2008,"69,07",
ESTAT:CRIM_OFF_CAT(1.0),23/04/24 23:00:00,Annual,Sexual violence,Per hundred thousand inhabitants,Germany,2009,"59,86",
ESTAT:CRIM_OFF_CAT(1.0),23/04/24 23:00:00,Annual,Sexual violence,Per hundred thousand inhabitants,Germany,2010,"44,7",
ESTAT:CRIM_OFF_CAT(1.0),23/04/24 23:00:00,Annual,Sexual violence,Per hundred thousand inhabitants,Germany,2011,"45,32",
ESTAT:CRIM_OFF_CAT(1.0),23/04/24 23:00:00,Annual,Sexual violence,Per hundred thousand inhabitants,Germany,2012,"45,16",
ESTAT:CRIM_OFF_CAT(1.0),23/04/24 23:00:00,Annual,Sexual violence,Per hundred thousand inhabitants,Germany,2013,"43,88",
ESTAT:CRIM_OFF_CAT(1.0),23/04/24 23:00:00,Annual,Sexual violence,Per hundred thousand inhabitants,Germany,2014,"43,28",
ESTAT:CRIM_OFF_CAT(1.0),23/04/24 23:00:00,Annual,Sexual violence,Per hundred thousand inhabitants,Germany,2015,"42,2",
ESTAT:CRIM_OFF_CAT(1.0),23/04/24 23:00:00,Annual,Sexual violence,Per hundred thousand inhabitants,Germany,2016,"45,23",
ESTAT:CRIM_OFF_CAT(1.0),23/04/24 23:00:00,Annual,Sexual violence,Per hundred thousand inhabitants,Germany,2017,"42,19",
ESTAT:CRIM_OFF_CAT(1.0),23/04/24 23:00:00,Annual,Sexual violence,Per hundred thousand inhabitants,Germany,2018,"49,02",
ESTAT:CRIM_OFF_CAT(1.0),23/04/24 23:00:00,Annual,Sexual violence,Per hundred thousand inhabitants,Germany,2019,"49,05",
ESTAT:CRIM_OFF_CAT(1.0),23/04/24 23:00:00,Annual,Sexual violence,Per hundred thousand inhabitants,Germany,2020,"49,39",
ESTAT:CRIM_OFF_CAT(1.0),23/04/24 23:00:00,Annual,Sexual violence,Per hundred thousand inhabitants,Germany,2021,"50,26",
ESTAT:CRIM_OFF_CAT(1.0),23/04/24 23:00:00,Annual,Sexual violence,Per hundred thousand inhabitants,Germany,2022,"59,7",
ESTAT:CRIM_OFF_CAT(1.0),23/04/24 23:00:00,Annual,Sexual violence,Per hundred thousand inhabitants,Denmark,2008,"33,09",
ESTAT:CRIM_OFF_CAT(1.0),23/04/24 23:00:00,Annual,Sexual violence,Per hundred thousand inhabitants,Denmark,2009,"30,32",
ESTAT:CRIM_OFF_CAT(1.0),23/04/24 23:00:00,Annual,Sexual violence,Per hundred thousand inhabitants,Denmark,2010,"36,32",
ESTAT:CRIM_OFF_CAT(1.0),23/04/24 23:00:00,Annual,Sexual violence,Per hundred thousand inhabitants,Denmark,2011,"33,56",
ESTAT:CRIM_OFF_CAT(1.0),23/04/24 23:00:00,Annual,Sexual violence,Per hundred thousand inhabitants,Denmark,2012,"34,12",
ESTAT:CRIM_OFF_CAT(1.0),23/04/24 23:00:00,Annual,Sexual violence,Per hundred thousand inhabitants,Denmark,2013,"32,9",
ESTAT:CRIM_OFF_CAT(1.0),23/04/24 23:00:00,Annual,Sexual violence,Per hundred thousand inhabitants,Denmark,2014,"42,08",
ESTAT:CRIM_OFF_CAT(1.0),23/04/24 23:00:00,Annual,Sexual violence,Per hundred thousand inhabitants,Denmark,2015,"46,13",
ESTAT:CRIM_OFF_CAT(1.0),23/04/24 23:00:00,Annual,Sexual violence,Per hundred thousand inhabitants,Denmark,2016,"66,46",
ESTAT:CRIM_OFF_CAT(1.0),23/04/24 23:00:00,Annual,Sexual violence,Per hundred thousand inhabitants,Denmark,2017,"83,41",
ESTAT:CRIM_OFF_CAT(1.0),23/04/24 23:00:00,Annual,Sexual violence,Per hundred thousand inhabitants,Denmark,2018,"95,83",
ESTAT:CRIM_OFF_CAT(1.0),23/04/24 23:00:00,Annual,Sexual violence,Per hundred thousand inhabitants,Denmark,2019,"84,31",
ESTAT:CRIM_OFF_CAT(1.0),23/04/24 23:00:00,Annual,Sexual violence,Per hundred thousand inhabitants,Denmark,2020,"92,22",
ESTAT:CRIM_OFF_CAT(1.0),23/04/24 23:00:00,Annual,Sexual violence,Per hundred thousand inhabitants,Denmark,2021,"108,61",
ESTAT:CRIM_OFF_CAT(1.0),23/04/24 23:00:00,Annual,Sexual violence,Per hundred thousand inhabitants,Denmark,2022,"107,19",
ESTAT:CRIM_OFF_CAT(1.0),23/04/24 23:00:00,Annual,Sexual violence,Per hundred thousand inhabitants,Estonia,2008,"20,02",
ESTAT:CRIM_OFF_CAT(1.0),23/04/24 23:00:00,Annual,Sexual violence,Per hundred thousand inhabitants,Estonia,2009,"19,02",
ESTAT:CRIM_OFF_CAT(1.0),23/04/24 23:00:00,Annual,Sexual violence,Per hundred thousand inhabitants,Estonia,2010,"13,35",
ESTAT:CRIM_OFF_CAT(1.0),23/04/24 23:00:00,Annual,Sexual violence,Per hundred thousand inhabitants,Estonia,2011,"13,54",
ESTAT:CRIM_OFF_CAT(1.0),23/04/24 23:00:00,Annual,Sexual violence,Per hundred thousand inhabitants,Estonia,2012,"18,71",
ESTAT:CRIM_OFF_CAT(1.0),23/04/24 23:00:00,Annual,Sexual violence,Per hundred thousand inhabitants,Estonia,2013,"18,18",
ESTAT:CRIM_OFF_CAT(1.0),23/04/24 23:00:00,Annual,Sexual violence,Per hundred thousand inhabitants,Estonia,2014,"15,12",
ESTAT:CRIM_OFF_CAT(1.0),23/04/24 23:00:00,Annual,Sexual violence,Per hundred thousand inhabitants,Estonia,2015,"21,6",
ESTAT:CRIM_OFF_CAT(1.0),23/04/24 23:00:00,Annual,Sexual violence,Per hundred thousand inhabitants,Estonia,2016,"20,59",
ESTAT:CRIM_OFF_CAT(1.0),23/04/24 23:00:00,Annual,Sexual violence,Per hundred thousand inhabitants,Estonia,2017,"19,69",
ESTAT:CRIM_OFF_CAT(1.0),23/04/24 23:00:00,Annual,Sexual violence,Per hundred thousand inhabitants,Estonia,2018,"22,44",
ESTAT:CRIM_OFF_CAT(1.0),23/04/24 23:00:00,Annual,Sexual violence,Per hundred thousand inhabitants,Estonia,2019,"26,8",
ESTAT:CRIM_OFF_CAT(1.0),23/04/24 23:00:00,Annual,Sexual violence,Per hundred thousand inhabitants,Estonia,2020,"23,33",
ESTAT:CRIM_OFF_CAT(1.0),23/04/24 23:00:00,Annual,Sexual violence,Per hundred thousand inhabitants,Estonia,2021,"29,55",
ESTAT:CRIM_OFF_CAT(1.0),23/04/24 23:00:00,Annual,Sexual violence,Per hundred thousand inhabitants,Estonia,2022,"27,26",
ESTAT:CRIM_OFF_CAT(1.0),23/04/24 23:00:00,Annual,Sexual violence,Per hundred thousand inhabitants,Greece,2008,"6,1",
ESTAT:CRIM_OFF_CAT(1.0),23/04/24 23:00:00,Annual,Sexual violence,Per hundred thousand inhabitants,Greece,2009,"8,33",
ESTAT:CRIM_OFF_CAT(1.0),23/04/24 23:00:00,Annual,Sexual violence,Per hundred thousand inhabitants,Greece,2010,"4,59",
ESTAT:CRIM_OFF_CAT(1.0),23/04/24 23:00:00,Annual,Sexual violence,Per hundred thousand inhabitants,Greece,2011,"3,91",
ESTAT:CRIM_OFF_CAT(1.0),23/04/24 23:00:00,Annual,Sexual violence,Per hundred thousand inhabitants,Greece,2012,"4,38",
ESTAT:CRIM_OFF_CAT(1.0),23/04/24 23:00:00,Annual,Sexual violence,Per hundred thousand inhabitants,Greece,2013,"4,25",
ESTAT:CRIM_OFF_CAT(1.0),23/04/24 23:00:00,Annual,Sexual violence,Per hundred thousand inhabitants,Greece,2014,"4,26",
ESTAT:CRIM_OFF_CAT(1.0),23/04/24 23:00:00,Annual,Sexual violence,Per hundred thousand inhabitants,Greece,2015,"5,1",
ESTAT:CRIM_OFF_CAT(1.0),23/04/24 23:00:00,Annual,Sexual violence,Per hundred thousand inhabitants,Greece,2016,"4,57",
ESTAT:CRIM_OFF_CAT(1.0),23/04/24 23:00:00,Annual,Sexual violence,Per hundred thousand inhabitants,Greece,2017,"4,21",
ESTAT:CRIM_OFF_CAT(1.0),23/04/24 23:00:00,Annual,Sexual violence,Per hundred thousand inhabitants,Greece,2018,"3,94",
ESTAT:CRIM_OFF_CAT(1.0),23/04/24 23:00:00,Annual,Sexual violence,Per hundred thousand inhabitants,Greece,2019,"2,83",
ESTAT:CRIM_OFF_CAT(1.0),23/04/24 23:00:00,Annual,Sexual violence,Per hundred thousand inhabitants,Greece,2020,"1,79",
ESTAT:CRIM_OFF_CAT(1.0),23/04/24 23:00:00,Annual,Sexual violence,Per hundred thousand inhabitants,Greece,2021,3,
ESTAT:CRIM_OFF_CAT(1.0),23/04/24 23:00:00,Annual,Sexual violence,Per hundred thousand inhabitants,Greece,2022,"3,93",
ESTAT:CRIM_OFF_CAT(1.0),23/04/24 23:00:00,Annual,Sexual violence,Per hundred thousand inhabitants,Spain,2008,"23,84",
ESTAT:CRIM_OFF_CAT(1.0),23/04/24 23:00:00,Annual,Sexual violence,Per hundred thousand inhabitants,Spain,2009,"21,03",
ESTAT:CRIM_OFF_CAT(1.0),23/04/24 23:00:00,Annual,Sexual violence,Per hundred thousand inhabitants,Spain,2010,"21,41",
ESTAT:CRIM_OFF_CAT(1.0),23/04/24 23:00:00,Annual,Sexual violence,Per hundred thousand inhabitants,Spain,2011,"21,2",
ESTAT:CRIM_OFF_CAT(1.0),23/04/24 23:00:00,Annual,Sexual violence,Per hundred thousand inhabitants,Spain,2012,"19,24",
ESTAT:CRIM_OFF_CAT(1.0),23/04/24 23:00:00,Annual,Sexual violence,Per hundred thousand inhabitants,Spain,2013,"19,1",
ESTAT:CRIM_OFF_CAT(1.0),23/04/24 23:00:00,Annual,Sexual violence,Per hundred thousand inhabitants,Spain,2014,"20,36",
ESTAT:CRIM_OFF_CAT(1.0),23/04/24 23:00:00,Annual,Sexual violence,Per hundred thousand inhabitants,Spain,2015,"16,14",
ESTAT:CRIM_OFF_CAT(1.0),23/04/24 23:00:00,Annual,Sexual violence,Per hundred thousand inhabitants,Spain,2016,"18,79",
ESTAT:CRIM_OFF_CAT(1.0),23/04/24 23:00:00,Annual,Sexual violence,Per hundred thousand inhabitants,Spain,2017,"20,34",
ESTAT:CRIM_OFF_CAT(1.0),23/04/24 23:00:00,Annual,Sexual violence,Per hundred thousand inhabitants,Spain,2018,"24,89",
ESTAT:CRIM_OFF_CAT(1.0),23/04/24 23:00:00,Annual,Sexual violence,Per hundred thousand inhabitants,Spain,2019,"27,76",
ESTAT:CRIM_OFF_CAT(1.0),23/04/24 23:00:00,Annual,Sexual violence,Per hundred thousand inhabitants,Spain,2020,"23,48",
ESTAT:CRIM_OFF_CAT(1.0),23/04/24 23:00:00,Annual,Sexual violence,Per hundred thousand inhabitants,Spain,2021,"31,47",
ESTAT:CRIM_OFF_CAT(1.0),23/04/24 23:00:00,Annual,Sexual violence,Per hundred thousand inhabitants,Spain,2022,"35,4",
ESTAT:CRIM_OFF_CAT(1.0),23/04/24 23:00:00,Annual,Sexual violence,Per hundred thousand inhabitants,Finland,2008,"51,15",
ESTAT:CRIM_OFF_CAT(1.0),23/04/24 23:00:00,Annual,Sexual violence,Per hundred thousand inhabitants,Finland,2009,"39,41",
ESTAT:CRIM_OFF_CAT(1.0),23/04/24 23:00:00,Annual,Sexual violence,Per hundred thousand inhabitants,Finland,2010,"44,55",
ESTAT:CRIM_OFF_CAT(1.0),23/04/24 23:00:00,Annual,Sexual violence,Per hundred thousand inhabitants,Finland,2011,"58,77",
ESTAT:CRIM_OFF_CAT(1.0),23/04/24 23:00:00,Annual,Sexual violence,Per hundred thousand inhabitants,Finland,2012,"59,87",
ESTAT:CRIM_OFF_CAT(1.0),23/04/24 23:00:00,Annual,Sexual violence,Per hundred thousand inhabitants,Finland,2013,"55,06",
ESTAT:CRIM_OFF_CAT(1.0),23/04/24 23:00:00,Annual,Sexual violence,Per hundred thousand inhabitants,Finland,2014,"51,82",
ESTAT:CRIM_OFF_CAT(1.0),23/04/24 23:00:00,Annual,Sexual violence,Per hundred thousand inhabitants,Finland,2015,"50,66",
ESTAT:CRIM_OFF_CAT(1.0),23/04/24 23:00:00,Annual,Sexual violence,Per hundred thousand inhabitants,Finland,2016,"58,1",
ESTAT:CRIM_OFF_CAT(1.0),23/04/24 23:00:00,Annual,Sexual violence,Per hundred thousand inhabitants,Finland,2017,"55,49",
ESTAT:CRIM_OFF_CAT(1.0),23/04/24 23:00:00,Annual,Sexual violence,Per hundred thousand inhabitants,Finland,2018,"64,16",
ESTAT:CRIM_OFF_CAT(1.0),23/04/24 23:00:00,Annual,Sexual violence,Per hundred thousand inhabitants,Finland,2019,"72,65",
ESTAT:CRIM_OFF_CAT(1.0),23/04/24 23:00:00,Annual,Sexual violence,Per hundred thousand inhabitants,Finland,2020,"73,52",
ESTAT:CRIM_OFF_CAT(1.0),23/04/24 23:00:00,Annual,Sexual violence,Per hundred thousand inhabitants,Finland,2021,"90,64",
ESTAT:CRIM_OFF_CAT(1.0),23/04/24 23:00:00,Annual,Sexual violence,Per hundred thousand inhabitants,Finland,2022,"92,07",
ESTAT:CRIM_OFF_CAT(1.0),23/04/24 23:00:00,Annual,Sexual violence,Per hundred thousand inhabitants,France,2008,"37,54",
ESTAT:CRIM_OFF_CAT(1.0),23/04/24 23:00:00,Annual,Sexual violence,Per hundred thousand inhabitants,France,2009,"36,14",
ESTAT:CRIM_OFF_CAT(1.0),23/04/24 23:00:00,Annual,Sexual violence,Per hundred thousand inhabitants,France,2010,"35,51",
ESTAT:CRIM_OFF_CAT(1.0),23/04/24 23:00:00,Annual,Sexual violence,Per hundred thousand inhabitants,France,2011,"36,74",
ESTAT:CRIM_OFF_CAT(1.0),23/04/24 23:00:00,Annual,Sexual violence,Per hundred thousand inhabitants,France,2012,"41,03",
ESTAT:CRIM_OFF_CAT(1.0),23/04/24 23:00:00,Annual,Sexual violence,Per hundred thousand inhabitants,France,2013,"42,34",
ESTAT:CRIM_OFF_CAT(1.0),23/04/24 23:00:00,Annual,Sexual violence,Per hundred thousand inhabitants,France,2014,"46,95",
ESTAT:CRIM_OFF_CAT(1.0),23/04/24 23:00:00,Annual,Sexual violence,Per hundred thousand inhabitants,France,2015,"50,06",
ESTAT:CRIM_OFF_CAT(1.0),23/04/24 23:00:00,Annual,Sexual violence,Per hundred thousand inhabitants,France,2016,"53,22",
ESTAT:CRIM_OFF_CAT(1.0),23/04/24 23:00:00,Annual,Sexual violence,Per hundred thousand inhabitants,France,2017,"59,41",
ESTAT:CRIM_OFF_CAT(1.0),23/04/24 23:00:00,Annual,Sexual violence,Per hundred thousand inhabitants,France,2018,"71,63",
ESTAT:CRIM_OFF_CAT(1.0),23/04/24 23:00:00,Annual,Sexual violence,Per hundred thousand inhabitants,France,2019,"82,2",
ESTAT:CRIM_OFF_CAT(1.0),23/04/24 23:00:00,Annual,Sexual violence,Per hundred thousand inhabitants,France,2020,"85,9",
ESTAT:CRIM_OFF_CAT(1.0),23/04/24 23:00:00,Annual,Sexual violence,Per hundred thousand inhabitants,France,2021,"113,21",
ESTAT:CRIM_OFF_CAT(1.0),23/04/24 23:00:00,Annual,Sexual violence,Per hundred thousand inhabitants,France,2022,"126,08",
ESTAT:CRIM_OFF_CAT(1.0),23/04/24 23:00:00,Annual,Sexual violence,Per hundred thousand inhabitants,Croatia,2008,"17,74",
ESTAT:CRIM_OFF_CAT(1.0),23/04/24 23:00:00,Annual,Sexual violence,Per hundred thousand inhabitants,Croatia,2009,"15,41",
ESTAT:CRIM_OFF_CAT(1.0),23/04/24 23:00:00,Annual,Sexual violence,Per hundred thousand inhabitants,Croatia,2010,"9,23",
ESTAT:CRIM_OFF_CAT(1.0),23/04/24 23:00:00,Annual,Sexual violence,Per hundred thousand inhabitants,Croatia,2011,"8,81",
ESTAT:CRIM_OFF_CAT(1.0),23/04/24 23:00:00,Annual,Sexual violence,Per hundred thousand inhabitants,Croatia,2012,"8,02",
ESTAT:CRIM_OFF_CAT(1.0),23/04/24 23:00:00,Annual,Sexual violence,Per hundred thousand inhabitants,Croatia,2013,"13,51",
ESTAT:CRIM_OFF_CAT(1.0),23/04/24 23:00:00,Annual,Sexual violence,Per hundred thousand inhabitants,Croatia,2014,"14,22",
ESTAT:CRIM_OFF_CAT(1.0),23/04/24 23:00:00,Annual,Sexual violence,Per hundred thousand inhabitants,Croatia,2015,"14,32",
ESTAT:CRIM_OFF_CAT(1.0),23/04/24 23:00:00,Annual,Sexual violence,Per hundred thousand inhabitants,Croatia,2016,"17,11",
ESTAT:CRIM_OFF_CAT(1.0),23/04/24 23:00:00,Annual,Sexual violence,Per hundred thousand inhabitants,Croatia,2017,"11,92",
ESTAT:CRIM_OFF_CAT(1.0),23/04/24 23:00:00,Annual,Sexual violence,Per hundred thousand inhabitants,Croatia,2018,"14,35",
ESTAT:CRIM_OFF_CAT(1.0),23/04/24 23:00:00,Annual,Sexual violence,Per hundred thousand inhabitants,Croatia,2019,"21,05",
ESTAT:CRIM_OFF_CAT(1.0),23/04/24 23:00:00,Annual,Sexual violence,Per hundred thousand inhabitants,Croatia,2020,"14,69",
ESTAT:CRIM_OFF_CAT(1.0),23/04/24 23:00:00,Annual,Sexual violence,Per hundred thousand inhabitants,Croatia,2021,"22,07",
ESTAT:CRIM_OFF_CAT(1.0),23/04/24 23:00:00,Annual,Sexual violence,Per hundred thousand inhabitants,Croatia,2022,"18,59",
ESTAT:CRIM_OFF_CAT(1.0),23/04/24 23:00:00,Annual,Sexual violence,Per hundred thousand inhabitants,Hungary,2008,"4,62",
ESTAT:CRIM_OFF_CAT(1.0),23/04/24 23:00:00,Annual,Sexual violence,Per hundred thousand inhabitants,Hungary,2009,"6,54",
ESTAT:CRIM_OFF_CAT(1.0),23/04/24 23:00:00,Annual,Sexual violence,Per hundred thousand inhabitants,Hungary,2010,"6,76",
ESTAT:CRIM_OFF_CAT(1.0),23/04/24 23:00:00,Annual,Sexual violence,Per hundred thousand inhabitants,Hungary,2011,"6,3",
ESTAT:CRIM_OFF_CAT(1.0),23/04/24 23:00:00,Annual,Sexual violence,Per hundred thousand inhabitants,Hungary,2012,"6,99",
ESTAT:CRIM_OFF_CAT(1.0),23/04/24 23:00:00,Annual,Sexual violence,Per hundred thousand inhabitants,Hungary,2013,"60,29",
ESTAT:CRIM_OFF_CAT(1.0),23/04/24 23:00:00,Annual,Sexual violence,Per hundred thousand inhabitants,Hungary,2014,"7,83",
ESTAT:CRIM_OFF_CAT(1.0),23/04/24 23:00:00,Annual,Sexual violence,Per hundred thousand inhabitants,Hungary,2015,"17,11",
ESTAT:CRIM_OFF_CAT(1.0),23/04/24 23:00:00,Annual,Sexual violence,Per hundred thousand inhabitants,Hungary,2016,"6,1",
ESTAT:CRIM_OFF_CAT(1.0),23/04/24 23:00:00,Annual,Sexual violence,Per hundred thousand inhabitants,Hungary,2017,6,
ESTAT:CRIM_OFF_CAT(1.0),23/04/24 23:00:00,Annual,Sexual violence,Per hundred thousand inhabitants,Hungary,2018,"5,53",
ESTAT:CRIM_OFF_CAT(1.0),23/04/24 23:00:00,Annual,Sexual violence,Per hundred thousand inhabitants,Hungary,2019,"3,94",
ESTAT:CRIM_OFF_CAT(1.0),23/04/24 23:00:00,Annual,Sexual violence,Per hundred thousand inhabitants,Hungary,2020,"5,16",
ESTAT:CRIM_OFF_CAT(1.0),23/04/24 23:00:00,Annual,Sexual violence,Per hundred thousand inhabitants,Hungary,2021,"4,86",
ESTAT:CRIM_OFF_CAT(1.0),23/04/24 23:00:00,Annual,Sexual violence,Per hundred thousand inhabitants,Hungary,2022,"6,06",
ESTAT:CRIM_OFF_CAT(1.0),23/04/24 23:00:00,Annual,Sexual violence,Per hundred thousand inhabitants,Ireland,2008,"26,91",
ESTAT:CRIM_OFF_CAT(1.0),23/04/24 23:00:00,Annual,Sexual violence,Per hundred thousand inhabitants,Ireland,2009,"31,98",
ESTAT:CRIM_OFF_CAT(1.0),23/04/24 23:00:00,Annual,Sexual violence,Per hundred thousand inhabitants,Ireland,2010,"46,88",
ESTAT:CRIM_OFF_CAT(1.0),23/04/24 23:00:00,Annual,Sexual violence,Per hundred thousand inhabitants,Ireland,2011,"39,53",
ESTAT:CRIM_OFF_CAT(1.0),23/04/24 23:00:00,Annual,Sexual violence,Per hundred thousand inhabitants,Ireland,2012,"40,04",
ESTAT:CRIM_OFF_CAT(1.0),23/04/24 23:00:00,Annual,Sexual violence,Per hundred thousand inhabitants,Ireland,2013,"38,73",
ESTAT:CRIM_OFF_CAT(1.0),23/04/24 23:00:00,Annual,Sexual violence,Per hundred thousand inhabitants,Ireland,2014,"40,19",
ESTAT:CRIM_OFF_CAT(1.0),23/04/24 23:00:00,Annual,Sexual violence,Per hundred thousand inhabitants,Ireland,2015,"49,3",
ESTAT:CRIM_OFF_CAT(1.0),23/04/24 23:00:00,Annual,Sexual violence,Per hundred thousand inhabitants,Ireland,2016,"53,85",
ESTAT:CRIM_OFF_CAT(1.0),23/04/24 23:00:00,Annual,Sexual violence,Per hundred thousand inhabitants,Ireland,2017,"52,9",
ESTAT:CRIM_OFF_CAT(1.0),23/04/24 23:00:00,Annual,Sexual violence,Per hundred thousand inhabitants,Ireland,2018,"58,09",
ESTAT:CRIM_OFF_CAT(1.0),23/04/24 23:00:00,Annual,Sexual violence,Per hundred thousand inhabitants,Ireland,2019,"58,28",
ESTAT:CRIM_OFF_CAT(1.0),23/04/24 23:00:00,Annual,Sexual violence,Per hundred thousand inhabitants,Ireland,2020,"52,45",
ESTAT:CRIM_OFF_CAT(1.0),23/04/24 23:00:00,Annual,Sexual violence,Per hundred thousand inhabitants,Ireland,2021,"59,38",
ESTAT:CRIM_OFF_CAT(1.0),23/04/24 23:00:00,Annual,Sexual violence,Per hundred thousand inhabitants,Ireland,2022,"62,75",
ESTAT:CRIM_OFF_CAT(1.0),23/04/24 23:00:00,Annual,Sexual violence,Per hundred thousand inhabitants,Iceland,2013,"227,12",
ESTAT:CRIM_OFF_CAT(1.0),23/04/24 23:00:00,Annual,Sexual violence,Per hundred thousand inhabitants,Iceland,2014,"128,66",
ESTAT:CRIM_OFF_CAT(1.0),23/04/24 23:00:00,Annual,Sexual violence,Per hundred thousand inhabitants,Iceland,2015,"134,31",
ESTAT:CRIM_OFF_CAT(1.0),23/04/24 23:00:00,Annual,Sexual violence,Per hundred thousand inhabitants,Iceland,2016,"149,76",
ESTAT:CRIM_OFF_CAT(1.0),23/04/24 23:00:00,Annual,Sexual violence,Per hundred thousand inhabitants,Iceland,2017,"140,68",
ESTAT:CRIM_OFF_CAT(1.0),23/04/24 23:00:00,Annual,Sexual violence,Per hundred thousand inhabitants,Iceland,2018,"158,13",
ESTAT:CRIM_OFF_CAT(1.0),23/04/24 23:00:00,Annual,Sexual violence,Per hundred thousand inhabitants,Iceland,2019,"184,32",
ESTAT:CRIM_OFF_CAT(1.0),23/04/24 23:00:00,Annual,Sexual violence,Per hundred thousand inhabitants,Iceland,2020,"142,8",
ESTAT:CRIM_OFF_CAT(1.0),23/04/24 23:00:00,Annual,Sexual violence,Per hundred thousand inhabitants,Iceland,2021,"175,17",
ESTAT:CRIM_OFF_CAT(1.0),23/04/24 23:00:00,Annual,Sexual violence,Per hundred thousand inhabitants,Iceland,2022,"165,32",
ESTAT:CRIM_OFF_CAT(1.0),23/04/24 23:00:00,Annual,Sexual violence,Per hundred thousand inhabitants,Italy,2013,"7,52",
ESTAT:CRIM_OFF_CAT(1.0),23/04/24 23:00:00,Annual,Sexual violence,Per hundred thousand inhabitants,Italy,2014,"7,82",
ESTAT:CRIM_OFF_CAT(1.0),23/04/24 23:00:00,Annual,Sexual violence,Per hundred thousand inhabitants,Italy,2015,"7,42",
ESTAT:CRIM_OFF_CAT(1.0),23/04/24 23:00:00,Annual,Sexual violence,Per hundred thousand inhabitants,Italy,2016,"7,44",
ESTAT:CRIM_OFF_CAT(1.0),23/04/24 23:00:00,Annual,Sexual violence,Per hundred thousand inhabitants,Italy,2017,"8,44",
ESTAT:CRIM_OFF_CAT(1.0),23/04/24 23:00:00,Annual,Sexual violence,Per hundred thousand inhabitants,Italy,2018,"8,9",
ESTAT:CRIM_OFF_CAT(1.0),23/04/24 23:00:00,Annual,Sexual violence,Per hundred thousand inhabitants,Italy,2019,"9,03",
ESTAT:CRIM_OFF_CAT(1.0),23/04/24 23:00:00,Annual,Sexual violence,Per hundred thousand inhabitants,Italy,2020,"8,25",
ESTAT:CRIM_OFF_CAT(1.0),23/04/24 23:00:00,Annual,Sexual violence,Per hundred thousand inhabitants,Italy,2021,"9,73",
ESTAT:CRIM_OFF_CAT(1.0),23/04/24 23:00:00,Annual,Sexual violence,Per hundred thousand inhabitants,Italy,2022,"11,54",
ESTAT:CRIM_OFF_CAT(1.0),23/04/24 23:00:00,Annual,Sexual violence,Per hundred thousand inhabitants,Liechtenstein,2013,"16,29",
ESTAT:CRIM_OFF_CAT(1.0),23/04/24 23:00:00,Annual,Sexual violence,Per hundred thousand inhabitants,Liechtenstein,2014,"21,55",
ESTAT:CRIM_OFF_CAT(1.0),23/04/24 23:00:00,Annual,Sexual violence,Per hundred thousand inhabitants,Liechtenstein,2015,"24,09",
ESTAT:CRIM_OFF_CAT(1.0),23/04/24 23:00:00,Annual,Sexual violence,Per hundred thousand inhabitants,Liechtenstein,2016,"23,92",
ESTAT:CRIM_OFF_CAT(1.0),23/04/24 23:00:00,Annual,Sexual violence,Per hundred thousand inhabitants,Liechtenstein,2017,"21,16",
ESTAT:CRIM_OFF_CAT(1.0),23/04/24 23:00:00,Annual,Sexual violence,Per hundred thousand inhabitants,Liechtenstein,2018,"23,61",
ESTAT:CRIM_OFF_CAT(1.0),23/04/24 23:00:00,Annual,Sexual violence,Per hundred thousand inhabitants,Liechtenstein,2019,"15,63",
ESTAT:CRIM_OFF_CAT(1.0),23/04/24 23:00:00,Annual,Sexual violence,Per hundred thousand inhabitants,Liechtenstein,2020,"28,39",
ESTAT:CRIM_OFF_CAT(1.0),23/04/24 23:00:00,Annual,Sexual violence,Per hundred thousand inhabitants,Liechtenstein,2021,"15,36",
ESTAT:CRIM_OFF_CAT(1.0),23/04/24 23:00:00,Annual,Sexual violence,Per hundred thousand inhabitants,Liechtenstein,2022,"35,62",
ESTAT:CRIM_OFF_CAT(1.0),23/04/24 23:00:00,Annual,Sexual violence,Per hundred thousand inhabitants,Lithuania,2008,"11,45",
ESTAT:CRIM_OFF_CAT(1.0),23/04/24 23:00:00,Annual,Sexual violence,Per hundred thousand inhabitants,Lithuania,2009,"11,37",
ESTAT:CRIM_OFF_CAT(1.0),23/04/24 23:00:00,Annual,Sexual violence,Per hundred thousand inhabitants,Lithuania,2010,"16,36",
ESTAT:CRIM_OFF_CAT(1.0),23/04/24 23:00:00,Annual,Sexual violence,Per hundred thousand inhabitants,Lithuania,2011,"17,33",
ESTAT:CRIM_OFF_CAT(1.0),23/04/24 23:00:00,Annual,Sexual violence,Per hundred thousand inhabitants,Lithuania,2012,"14,68",
ESTAT:CRIM_OFF_CAT(1.0),23/04/24 23:00:00,Annual,Sexual violence,Per hundred thousand inhabitants,Lithuania,2013,"8,58",
ESTAT:CRIM_OFF_CAT(1.0),23/04/24 23:00:00,Annual,Sexual violence,Per hundred thousand inhabitants,Lithuania,2014,"10,77",
ESTAT:CRIM_OFF_CAT(1.0),23/04/24 23:00:00,Annual,Sexual violence,Per hundred thousand inhabitants,Lithuania,2015,9,
ESTAT:CRIM_OFF_CAT(1.0),23/04/24 23:00:00,Annual,Sexual violence,Per hundred thousand inhabitants,Lithuania,2016,"7,2",
ESTAT:CRIM_OFF_CAT(1.0),23/04/24 23:00:00,Annual,Sexual violence,Per hundred thousand inhabitants,Lithuania,2017,"7,94",
ESTAT:CRIM_OFF_CAT(1.0),23/04/24 23:00:00,Annual,Sexual violence,Per hundred thousand inhabitants,Lithuania,2018,"7,8",
ESTAT:CRIM_OFF_CAT(1.0),23/04/24 23:00:00,Annual,Sexual violence,Per hundred thousand inhabitants,Lithuania,2019,"6,8",
ESTAT:CRIM_OFF_CAT(1.0),23/04/24 23:00:00,Annual,Sexual violence,Per hundred thousand inhabitants,Lithuania,2020,"4,51",
ESTAT:CRIM_OFF_CAT(1.0),23/04/24 23:00:00,Annual,Sexual violence,Per hundred thousand inhabitants,Lithuania,2021,"5,26",
ESTAT:CRIM_OFF_CAT(1.0),23/04/24 23:00:00,Annual,Sexual violence,Per hundred thousand inhabitants,Lithuania,2022,"5,02",
ESTAT:CRIM_OFF_CAT(1.0),23/04/24 23:00:00,Annual,Sexual violence,Per hundred thousand inhabitants,Luxembourg,2009,"72,95",
ESTAT:CRIM_OFF_CAT(1.0),23/04/24 23:00:00,Annual,Sexual violence,Per hundred thousand inhabitants,Luxembourg,2010,"64,93",
ESTAT:CRIM_OFF_CAT(1.0),23/04/24 23:00:00,Annual,Sexual violence,Per hundred thousand inhabitants,Luxembourg,2011,"69,16",
ESTAT:CRIM_OFF_CAT(1.0),23/04/24 23:00:00,Annual,Sexual violence,Per hundred thousand inhabitants,Luxembourg,2012,"75,83",
ESTAT:CRIM_OFF_CAT(1.0),23/04/24 23:00:00,Annual,Sexual violence,Per hundred thousand inhabitants,Luxembourg,2013,"66,48",
ESTAT:CRIM_OFF_CAT(1.0),23/04/24 23:00:00,Annual,Sexual violence,Per hundred thousand inhabitants,Luxembourg,2014,"65,31",
ESTAT:CRIM_OFF_CAT(1.0),23/04/24 23:00:00,Annual,Sexual violence,Per hundred thousand inhabitants,Luxembourg,2015,"58,26",
ESTAT:CRIM_OFF_CAT(1.0),23/04/24 23:00:00,Annual,Sexual violence,Per hundred thousand inhabitants,Luxembourg,2016,"45,64",
ESTAT:CRIM_OFF_CAT(1.0),23/04/24 23:00:00,Annual,Sexual violence,Per hundred thousand inhabitants,Luxembourg,2017,"39,45",
ESTAT:CRIM_OFF_CAT(1.0),23/04/24 23:00:00,Annual,Sexual violence,Per hundred thousand inhabitants,Luxembourg,2018,"37,71",
ESTAT:CRIM_OFF_CAT(1.0),23/04/24 23:00:00,Annual,Sexual violence,Per hundred thousand inhabitants,Luxembourg,2019,"48,22",
ESTAT:CRIM_OFF_CAT(1.0),23/04/24 23:00:00,Annual,Sexual violence,Per hundred thousand inhabitants,Luxembourg,2020,"46,16",
ESTAT:CRIM_OFF_CAT(1.0),23/04/24 23:00:00,Annual,Sexual violence,Per hundred thousand inhabitants,Luxembourg,2021,"54,83",
ESTAT:CRIM_OFF_CAT(1.0),23/04/24 23:00:00,Annual,Sexual violence,Per hundred thousand inhabitants,Luxembourg,2022,"60,74",
ESTAT:CRIM_OFF_CAT(1.0),23/04/24 23:00:00,Annual,Sexual violence,Per hundred thousand inhabitants,Latvia,2013,"22,33",
ESTAT:CRIM_OFF_CAT(1.0),23/04/24 23:00:00,Annual,Sexual violence,Per hundred thousand inhabitants,Latvia,2014,"27,63",
ESTAT:CRIM_OFF_CAT(1.0),23/04/24 23:00:00,Annual,Sexual violence,Per hundred thousand inhabitants,Latvia,2015,"23,46",
ESTAT:CRIM_OFF_CAT(1.0),23/04/24 23:00:00,Annual,Sexual violence,Per hundred thousand inhabitants,Latvia,2016,"11,17",
ESTAT:CRIM_OFF_CAT(1.0),23/04/24 23:00:00,Annual,Sexual violence,Per hundred thousand inhabitants,Latvia,2017,"13,44",
ESTAT:CRIM_OFF_CAT(1.0),23/04/24 23:00:00,Annual,Sexual violence,Per hundred thousand inhabitants,Latvia,2018,"15,25",
ESTAT:CRIM_OFF_CAT(1.0),23/04/24 23:00:00,Annual,Sexual violence,Per hundred thousand inhabitants,Latvia,2019,"15,78",
ESTAT:CRIM_OFF_CAT(1.0),23/04/24 23:00:00,Annual,Sexual violence,Per hundred thousand inhabitants,Latvia,2020,"16,2",
ESTAT:CRIM_OFF_CAT(1.0),23/04/24 23:00:00,Annual,Sexual violence,Per hundred thousand inhabitants,Latvia,2021,"17,69",
ESTAT:CRIM_OFF_CAT(1.0),23/04/24 23:00:00,Annual,Sexual violence,Per hundred thousand inhabitants,Latvia,2022,"21,27",
ESTAT:CRIM_OFF_CAT(1.0),23/04/24 23:00:00,Annual,Sexual violence,Per hundred thousand inhabitants,Montenegro,2008,"6,5",
ESTAT:CRIM_OFF_CAT(1.0),23/04/24 23:00:00,Annual,Sexual violence,Per hundred thousand inhabitants,Montenegro,2009,"7,62",
ESTAT:CRIM_OFF_CAT(1.0),23/04/24 23:00:00,Annual,Sexual violence,Per hundred thousand inhabitants,Montenegro,2010,"7,11",
ESTAT:CRIM_OFF_CAT(1.0),23/04/24 23:00:00,Annual,Sexual violence,Per hundred thousand inhabitants,Montenegro,2011,"3,87",
ESTAT:CRIM_OFF_CAT(1.0),23/04/24 23:00:00,Annual,Sexual violence,Per hundred thousand inhabitants,Montenegro,2012,"3,87",
ESTAT:CRIM_OFF_CAT(1.0),23/04/24 23:00:00,Annual,Sexual violence,Per hundred thousand inhabitants,Montenegro,2013,"4,03",
ESTAT:CRIM_OFF_CAT(1.0),23/04/24 23:00:00,Annual,Sexual violence,Per hundred thousand inhabitants,Montenegro,2014,"4,99",
ESTAT:CRIM_OFF_CAT(1.0),23/04/24 23:00:00,Annual,Sexual violence,Per hundred thousand inhabitants,Montenegro,2015,"4,18",
ESTAT:CRIM_OFF_CAT(1.0),23/04/24 23:00:00,Annual,Sexual violence,Per hundred thousand inhabitants,Montenegro,2016,"3,54",
ESTAT:CRIM_OFF_CAT(1.0),23/04/24 23:00:00,Annual,Sexual violence,Per hundred thousand inhabitants,Montenegro,2017,"3,7",
ESTAT:CRIM_OFF_CAT(1.0),23/04/24 23:00:00,Annual,Sexual violence,Per hundred thousand inhabitants,Montenegro,2018,"3,7",
ESTAT:CRIM_OFF_CAT(1.0),23/04/24 23:00:00,Annual,Sexual violence,Per hundred thousand inhabitants,Montenegro,2019,"5,95",
ESTAT:CRIM_OFF_CAT(1.0),23/04/24 23:00:00,Annual,Sexual violence,Per hundred thousand inhabitants,Montenegro,2020,"4,34",
ESTAT:CRIM_OFF_CAT(1.0),23/04/24 23:00:00,Annual,Sexual violence,Per hundred thousand inhabitants,Montenegro,2021,"5,8",
ESTAT:CRIM_OFF_CAT(1.0),23/04/24 23:00:00,Annual,Sexual violence,Per hundred thousand inhabitants,Montenegro,2022,"6,48",
ESTAT:CRIM_OFF_CAT(1.0),23/04/24 23:00:00,Annual,Sexual violence,Per hundred thousand inhabitants,North Macedonia,2013,"7,32",
ESTAT:CRIM_OFF_CAT(1.0),23/04/24 23:00:00,Annual,Sexual violence,Per hundred thousand inhabitants,North Macedonia,2014,"6,54",
ESTAT:CRIM_OFF_CAT(1.0),23/04/24 23:00:00,Annual,Sexual violence,Per hundred thousand inhabitants,North Macedonia,2015,"5,8",
ESTAT:CRIM_OFF_CAT(1.0),23/04/24 23:00:00,Annual,Sexual violence,Per hundred thousand inhabitants,North Macedonia,2016,"5,5",
ESTAT:CRIM_OFF_CAT(1.0),23/04/24 23:00:00,Annual,Sexual violence,Per hundred thousand inhabitants,North Macedonia,2017,"4,92",
ESTAT:CRIM_OFF_CAT(1.0),23/04/24 23:00:00,Annual,Sexual violence,Per hundred thousand inhabitants,North Macedonia,2019,"4,19",
ESTAT:CRIM_OFF_CAT(1.0),23/04/24 23:00:00,Annual,Sexual violence,Per hundred thousand inhabitants,North Macedonia,2020,"5,44",
ESTAT:CRIM_OFF_CAT(1.0),23/04/24 23:00:00,Annual,Sexual violence,Per hundred thousand inhabitants,North Macedonia,2021,"4,5",
ESTAT:CRIM_OFF_CAT(1.0),23/04/24 23:00:00,Annual,Sexual violence,Per hundred thousand inhabitants,North Macedonia,2022,"4,84",
ESTAT:CRIM_OFF_CAT(1.0),23/04/24 23:00:00,Annual,Sexual violence,Per hundred thousand inhabitants,Malta,2008,"19,62",
ESTAT:CRIM_OFF_CAT(1.0),23/04/24 23:00:00,Annual,Sexual violence,Per hundred thousand inhabitants,Malta,2009,"19,95",
ESTAT:CRIM_OFF_CAT(1.0),23/04/24 23:00:00,Annual,Sexual violence,Per hundred thousand inhabitants,Malta,2010,"21,98",
ESTAT:CRIM_OFF_CAT(1.0),23/04/24 23:00:00,Annual,Sexual violence,Per hundred thousand inhabitants,Malta,2011,"16,63",
ESTAT:CRIM_OFF_CAT(1.0),23/04/24 23:00:00,Annual,Sexual violence,Per hundred thousand inhabitants,Malta,2012,"19,64",
ESTAT:CRIM_OFF_CAT(1.0),23/04/24 23:00:00,Annual,Sexual violence,Per hundred thousand inhabitants,Malta,2013,"22,31",
ESTAT:CRIM_OFF_CAT(1.0),23/04/24 23:00:00,Annual,Sexual violence,Per hundred thousand inhabitants,Malta,2014,"18,1",
ESTAT:CRIM_OFF_CAT(1.0),23/04/24 23:00:00,Annual,Sexual violence,Per hundred thousand inhabitants,Malta,2015,"24,22",
ESTAT:CRIM_OFF_CAT(1.0),23/04/24 23:00:00,Annual,Sexual violence,Per hundred thousand inhabitants,Malta,2016,"19,54",
ESTAT:CRIM_OFF_CAT(1.0),23/04/24 23:00:00,Annual,Sexual violence,Per hundred thousand inhabitants,Malta,2017,"16,95",
ESTAT:CRIM_OFF_CAT(1.0),23/04/24 23:00:00,Annual,Sexual violence,Per hundred thousand inhabitants,Malta,2018,"19,55",
ESTAT:CRIM_OFF_CAT(1.0),23/04/24 23:00:00,Annual,Sexual violence,Per hundred thousand inhabitants,Malta,2019,"24,11",
ESTAT:CRIM_OFF_CAT(1.0),23/04/24 23:00:00,Annual,Sexual violence,Per hundred thousand inhabitants,Malta,2020,"17,3",
ESTAT:CRIM_OFF_CAT(1.0),23/04/24 23:00:00,Annual,Sexual violence,Per hundred thousand inhabitants,Malta,2021,"26,74",
ESTAT:CRIM_OFF_CAT(1.0),23/04/24 23:00:00,Annual,Sexual violence,Per hundred thousand inhabitants,Malta,2022,"27,06",
ESTAT:CRIM_OFF_CAT(1.0),23/04/24 23:00:00,Annual,Sexual violence,Per hundred thousand inhabitants,Netherlands,2008,"63,97",
ESTAT:CRIM_OFF_CAT(1.0),23/04/24 23:00:00,Annual,Sexual violence,Per hundred thousand inhabitants,Netherlands,2009,"62,14",
ESTAT:CRIM_OFF_CAT(1.0),23/04/24 23:00:00,Annual,Sexual violence,Per hundred thousand inhabitants,Netherlands,2010,33,
ESTAT:CRIM_OFF_CAT(1.0),23/04/24 23:00:00,Annual,Sexual violence,Per hundred thousand inhabitants,Netherlands,2011,"31,16",
ESTAT:CRIM_OFF_CAT(1.0),23/04/24 23:00:00,Annual,Sexual violence,Per hundred thousand inhabitants,Netherlands,2012,"29,08",
ESTAT:CRIM_OFF_CAT(1.0),23/04/24 23:00:00,Annual,Sexual violence,Per hundred thousand inhabitants,Netherlands,2013,"26,34",
ESTAT:CRIM_OFF_CAT(1.0),23/04/24 23:00:00,Annual,Sexual violence,Per hundred thousand inhabitants,Netherlands,2014,"25,49",
ESTAT:CRIM_OFF_CAT(1.0),23/04/24 23:00:00,Annual,Sexual violence,Per hundred thousand inhabitants,Netherlands,2015,"24,61",
ESTAT:CRIM_OFF_CAT(1.0),23/04/24 23:00:00,Annual,Sexual violence,Per hundred thousand inhabitants,Netherlands,2016,"27,89",
ESTAT:CRIM_OFF_CAT(1.0),23/04/24 23:00:00,Annual,Sexual violence,Per hundred thousand inhabitants,Netherlands,2017,"28,13",
ESTAT:CRIM_OFF_CAT(1.0),23/04/24 23:00:00,Annual,Sexual violence,Per hundred thousand inhabitants,Netherlands,2018,30,
ESTAT:CRIM_OFF_CAT(1.0),23/04/24 23:00:00,Annual,Sexual violence,Per hundred thousand inhabitants,Netherlands,2019,"24,88",
ESTAT:CRIM_OFF_CAT(1.0),23/04/24 23:00:00,Annual,Sexual violence,Per hundred thousand inhabitants,Netherlands,2020,"23,09",
ESTAT:CRIM_OFF_CAT(1.0),23/04/24 23:00:00,Annual,Sexual violence,Per hundred thousand inhabitants,Netherlands,2021,"26,69",
ESTAT:CRIM_OFF_CAT(1.0),23/04/24 23:00:00,Annual,Sexual violence,Per hundred thousand inhabitants,Netherlands,2022,"33,17",
ESTAT:CRIM_OFF_CAT(1.0),23/04/24 23:00:00,Annual,Sexual violence,Per hundred thousand inhabitants,Norway,2008,"68,83",
ESTAT:CRIM_OFF_CAT(1.0),23/04/24 23:00:00,Annual,Sexual violence,Per hundred thousand inhabitants,Norway,2009,"67,48",
ESTAT:CRIM_OFF_CAT(1.0),23/04/24 23:00:00,Annual,Sexual violence,Per hundred thousand inhabitants,Norway,2010,"68,29",
ESTAT:CRIM_OFF_CAT(1.0),23/04/24 23:00:00,Annual,Sexual violence,Per hundred thousand inhabitants,Norway,2011,"73,41",
ESTAT:CRIM_OFF_CAT(1.0),23/04/24 23:00:00,Annual,Sexual violence,Per hundred thousand inhabitants,Norway,2012,"71,72",
ESTAT:CRIM_OFF_CAT(1.0),23/04/24 23:00:00,Annual,Sexual violence,Per hundred thousand inhabitants,Norway,2013,"69,8",
ESTAT:CRIM_OFF_CAT(1.0),23/04/24 23:00:00,Annual,Sexual violence,Per hundred thousand inhabitants,Norway,2014,"73,34",
ESTAT:CRIM_OFF_CAT(1.0),23/04/24 23:00:00,Annual,Sexual violence,Per hundred thousand inhabitants,Norway,2015,"84,37",
ESTAT:CRIM_OFF_CAT(1.0),23/04/24 23:00:00,Annual,Sexual violence,Per hundred thousand inhabitants,Norway,2016,"106,7",
ESTAT:CRIM_OFF_CAT(1.0),23/04/24 23:00:00,Annual,Sexual violence,Per hundred thousand inhabitants,Norway,2017,"107,16",
ESTAT:CRIM_OFF_CAT(1.0),23/04/24 23:00:00,Annual,Sexual violence,Per hundred thousand inhabitants,Norway,2018,"109,45",
ESTAT:CRIM_OFF_CAT(1.0),23/04/24 23:00:00,Annual,Sexual violence,Per hundred thousand inhabitants,Norway,2019,"95,06",
ESTAT:CRIM_OFF_CAT(1.0),23/04/24 23:00:00,Annual,Sexual violence,Per hundred thousand inhabitants,Norway,2020,"94,27",
ESTAT:CRIM_OFF_CAT(1.0),23/04/24 23:00:00,Annual,Sexual violence,Per hundred thousand inhabitants,Norway,2021,"107,12",
ESTAT:CRIM_OFF_CAT(1.0),23/04/24 23:00:00,Annual,Sexual violence,Per hundred thousand inhabitants,Norway,2022,"95,46",
ESTAT:CRIM_OFF_CAT(1.0),23/04/24 23:00:00,Annual,Sexual violence,Per hundred thousand inhabitants,Poland,2013,"8,03",
ESTAT:CRIM_OFF_CAT(1.0),23/04/24 23:00:00,Annual,Sexual violence,Per hundred thousand inhabitants,Poland,2014,"7,71",
ESTAT:CRIM_OFF_CAT(1.0),23/04/24 23:00:00,Annual,Sexual violence,Per hundred thousand inhabitants,Poland,2015,"7,25",
ESTAT:CRIM_OFF_CAT(1.0),23/04/24 23:00:00,Annual,Sexual violence,Per hundred thousand inhabitants,Poland,2016,"8,31",
ESTAT:CRIM_OFF_CAT(1.0),23/04/24 23:00:00,Annual,Sexual violence,Per hundred thousand inhabitants,Poland,2017,"8,48",
ESTAT:CRIM_OFF_CAT(1.0),23/04/24 23:00:00,Annual,Sexual violence,Per hundred thousand inhabitants,Poland,2018,"8,76",
ESTAT:CRIM_OFF_CAT(1.0),23/04/24 23:00:00,Annual,Sexual violence,Per hundred thousand inhabitants,Poland,2019,"9,38",
ESTAT:CRIM_OFF_CAT(1.0),23/04/24 23:00:00,Annual,Sexual violence,Per hundred thousand inhabitants,Poland,2020,"7,74",
ESTAT:CRIM_OFF_CAT(1.0),23/04/24 23:00:00,Annual,Sexual violence,Per hundred thousand inhabitants,Poland,2021,"8,49",
ESTAT:CRIM_OFF_CAT(1.0),23/04/24 23:00:00,Annual,Sexual violence,Per hundred thousand inhabitants,Poland,2022,"8,96",
ESTAT:CRIM_OFF_CAT(1.0),23/04/24 23:00:00,Annual,Sexual violence,Per hundred thousand inhabitants,Portugal,2008,"21,33",
ESTAT:CRIM_OFF_CAT(1.0),23/04/24 23:00:00,Annual,Sexual violence,Per hundred thousand inhabitants,Portugal,2009,"24,2",
ESTAT:CRIM_OFF_CAT(1.0),23/04/24 23:00:00,Annual,Sexual violence,Per hundred thousand inhabitants,Portugal,2010,"20,86",
ESTAT:CRIM_OFF_CAT(1.0),23/04/24 23:00:00,Annual,Sexual violence,Per hundred thousand inhabitants,Portugal,2011,"20,64",
ESTAT:CRIM_OFF_CAT(1.0),23/04/24 23:00:00,Annual,Sexual violence,Per hundred thousand inhabitants,Portugal,2012,"20,24",
ESTAT:CRIM_OFF_CAT(1.0),23/04/24 23:00:00,Annual,Sexual violence,Per hundred thousand inhabitants,Portugal,2013,"20,37",
ESTAT:CRIM_OFF_CAT(1.0),23/04/24 23:00:00,Annual,Sexual violence,Per hundred thousand inhabitants,Portugal,2014,"22,35",
ESTAT:CRIM_OFF_CAT(1.0),23/04/24 23:00:00,Annual,Sexual violence,Per hundred thousand inhabitants,Portugal,2015,"23,57",
ESTAT:CRIM_OFF_CAT(1.0),23/04/24 23:00:00,Annual,Sexual violence,Per hundred thousand inhabitants,Portugal,2016,"23,91",
ESTAT:CRIM_OFF_CAT(1.0),23/04/24 23:00:00,Annual,Sexual violence,Per hundred thousand inhabitants,Portugal,2017,"24,62",
ESTAT:CRIM_OFF_CAT(1.0),23/04/24 23:00:00,Annual,Sexual violence,Per hundred thousand inhabitants,Portugal,2018,"23,93",
ESTAT:CRIM_OFF_CAT(1.0),23/04/24 23:00:00,Annual,Sexual violence,Per hundred thousand inhabitants,Portugal,2019,"26,28",
ESTAT:CRIM_OFF_CAT(1.0),23/04/24 23:00:00,Annual,Sexual violence,Per hundred thousand inhabitants,Portugal,2020,"23,64",
ESTAT:CRIM_OFF_CAT(1.0),23/04/24 23:00:00,Annual,Sexual violence,Per hundred thousand inhabitants,Portugal,2021,"26,4",
ESTAT:CRIM_OFF_CAT(1.0),23/04/24 23:00:00,Annual,Sexual violence,Per hundred thousand inhabitants,Portugal,2022,"29,21",
ESTAT:CRIM_OFF_CAT(1.0),23/04/24 23:00:00,Annual,Sexual violence,Per hundred thousand inhabitants,Romania,2008,"7,59",
ESTAT:CRIM_OFF_CAT(1.0),23/04/24 23:00:00,Annual,Sexual violence,Per hundred thousand inhabitants,Romania,2009,"7,85",
ESTAT:CRIM_OFF_CAT(1.0),23/04/24 23:00:00,Annual,Sexual violence,Per hundred thousand inhabitants,Romania,2010,"6,92",
ESTAT:CRIM_OFF_CAT(1.0),23/04/24 23:00:00,Annual,Sexual violence,Per hundred thousand inhabitants,Romania,2011,"6,19",
ESTAT:CRIM_OFF_CAT(1.0),23/04/24 23:00:00,Annual,Sexual violence,Per hundred thousand inhabitants,Romania,2012,"7,67",
ESTAT:CRIM_OFF_CAT(1.0),23/04/24 23:00:00,Annual,Sexual violence,Per hundred thousand inhabitants,Romania,2013,"8,67",
ESTAT:CRIM_OFF_CAT(1.0),23/04/24 23:00:00,Annual,Sexual violence,Per hundred thousand inhabitants,Romania,2014,"7,6",
ESTAT:CRIM_OFF_CAT(1.0),23/04/24 23:00:00,Annual,Sexual violence,Per hundred thousand inhabitants,Romania,2015,"8,76",
ESTAT:CRIM_OFF_CAT(1.0),23/04/24 23:00:00,Annual,Sexual violence,Per hundred thousand inhabitants,Romania,2016,"9,05",
ESTAT:CRIM_OFF_CAT(1.0),23/04/24 23:00:00,Annual,Sexual violence,Per hundred thousand inhabitants,Romania,2017,"7,78",
ESTAT:CRIM_OFF_CAT(1.0),23/04/24 23:00:00,Annual,Sexual violence,Per hundred thousand inhabitants,Romania,2018,"8,97",
ESTAT:CRIM_OFF_CAT(1.0),23/04/24 23:00:00,Annual,Sexual violence,Per hundred thousand inhabitants,Romania,2019,"9,85",
ESTAT:CRIM_OFF_CAT(1.0),23/04/24 23:00:00,Annual,Sexual violence,Per hundred thousand inhabitants,Romania,2020,"9,9",
ESTAT:CRIM_OFF_CAT(1.0),23/04/24 23:00:00,Annual,Sexual violence,Per hundred thousand inhabitants,Romania,2021,"12,21",
ESTAT:CRIM_OFF_CAT(1.0),23/04/24 23:00:00,Annual,Sexual violence,Per hundred thousand inhabitants,Romania,2022,"14,15",
ESTAT:CRIM_OFF_CAT(1.0),23/04/24 23:00:00,Annual,Sexual violence,Per hundred thousand inhabitants,Serbia,2008,"5,43",
ESTAT:CRIM_OFF_CAT(1.0),23/04/24 23:00:00,Annual,Sexual violence,Per hundred thousand inhabitants,Serbia,2009,"5,62",
ESTAT:CRIM_OFF_CAT(1.0),23/04/24 23:00:00,Annual,Sexual violence,Per hundred thousand inhabitants,Serbia,2010,"6,2",
ESTAT:CRIM_OFF_CAT(1.0),23/04/24 23:00:00,Annual,Sexual violence,Per hundred thousand inhabitants,Serbia,2011,"6,3",
ESTAT:CRIM_OFF_CAT(1.0),23/04/24 23:00:00,Annual,Sexual violence,Per hundred thousand inhabitants,Serbia,2012,"5,47",
ESTAT:CRIM_OFF_CAT(1.0),23/04/24 23:00:00,Annual,Sexual violence,Per hundred thousand inhabitants,Serbia,2013,"3,65",
ESTAT:CRIM_OFF_CAT(1.0),23/04/24 23:00:00,Annual,Sexual violence,Per hundred thousand inhabitants,Serbia,2014,"4,03",
ESTAT:CRIM_OFF_CAT(1.0),23/04/24 23:00:00,Annual,Sexual violence,Per hundred thousand inhabitants,Serbia,2015,"3,53",
ESTAT:CRIM_OFF_CAT(1.0),23/04/24 23:00:00,Annual,Sexual violence,Per hundred thousand inhabitants,Serbia,2016,4,
ESTAT:CRIM_OFF_CAT(1.0),23/04/24 23:00:00,Annual,Sexual violence,Per hundred thousand inhabitants,Serbia,2017,"4,45",
ESTAT:CRIM_OFF_CAT(1.0),23/04/24 23:00:00,Annual,Sexual violence,Per hundred thousand inhabitants,Serbia,2018,"6,58",
ESTAT:CRIM_OFF_CAT(1.0),23/04/24 23:00:00,Annual,Sexual violence,Per hundred thousand inhabitants,Serbia,2019,"8,03",
ESTAT:CRIM_OFF_CAT(1.0),23/04/24 23:00:00,Annual,Sexual violence,Per hundred thousand inhabitants,Serbia,2020,"7,02",
ESTAT:CRIM_OFF_CAT(1.0),23/04/24 23:00:00,Annual,Sexual violence,Per hundred thousand inhabitants,Serbia,2021,"9,63",
ESTAT:CRIM_OFF_CAT(1.0),23/04/24 23:00:00,Annual,Sexual violence,Per hundred thousand inhabitants,Serbia,2022,"7,12",
ESTAT:CRIM_OFF_CAT(1.0),23/04/24 23:00:00,Annual,Sexual violence,Per hundred thousand inhabitants,Sweden,2008,"153,09",
ESTAT:CRIM_OFF_CAT(1.0),23/04/24 23:00:00,Annual,Sexual violence,Per hundred thousand inhabitants,Sweden,2009,"162,03",
ESTAT:CRIM_OFF_CAT(1.0),23/04/24 23:00:00,Annual,Sexual violence,Per hundred thousand inhabitants,Sweden,2010,"166,34",
ESTAT:CRIM_OFF_CAT(1.0),23/04/24 23:00:00,Annual,Sexual violence,Per hundred thousand inhabitants,Sweden,2011,"170,94",
ESTAT:CRIM_OFF_CAT(1.0),23/04/24 23:00:00,Annual,Sexual violence,Per hundred thousand inhabitants,Sweden,2012,"170,56",
ESTAT:CRIM_OFF_CAT(1.0),23/04/24 23:00:00,Annual,Sexual violence,Per hundred thousand inhabitants,Sweden,2013,"155,83",
ESTAT:CRIM_OFF_CAT(1.0),23/04/24 23:00:00,Annual,Sexual violence,Per hundred thousand inhabitants,Sweden,2014,"175,33",
ESTAT:CRIM_OFF_CAT(1.0),23/04/24 23:00:00,Annual,Sexual violence,Per hundred thousand inhabitants,Sweden,2015,"156,32",
ESTAT:CRIM_OFF_CAT(1.0),23/04/24 23:00:00,Annual,Sexual violence,Per hundred thousand inhabitants,Sweden,2016,"179,48",
ESTAT:CRIM_OFF_CAT(1.0),23/04/24 23:00:00,Annual,Sexual violence,Per hundred thousand inhabitants,Sweden,2017,"188,83",
ESTAT:CRIM_OFF_CAT(1.0),23/04/24 23:00:00,Annual,Sexual violence,Per hundred thousand inhabitants,Sweden,2018,"190,43",
ESTAT:CRIM_OFF_CAT(1.0),23/04/24 23:00:00,Annual,Sexual violence,Per hundred thousand inhabitants,Sweden,2019,"195,11",
ESTAT:CRIM_OFF_CAT(1.0),23/04/24 23:00:00,Annual,Sexual violence,Per hundred thousand inhabitants,Sweden,2020,"204,73",
ESTAT:CRIM_OFF_CAT(1.0),23/04/24 23:00:00,Annual,Sexual violence,Per hundred thousand inhabitants,Sweden,2021,"217,72",
ESTAT:CRIM_OFF_CAT(1.0),23/04/24 23:00:00,Annual,Sexual violence,Per hundred thousand inhabitants,Sweden,2022,"200,34",
ESTAT:CRIM_OFF_CAT(1.0),23/04/24 23:00:00,Annual,Sexual violence,Per hundred thousand inhabitants,Slovenia,2008,"15,52",
ESTAT:CRIM_OFF_CAT(1.0),23/04/24 23:00:00,Annual,Sexual violence,Per hundred thousand inhabitants,Slovenia,2009,"18,45",
ESTAT:CRIM_OFF_CAT(1.0),23/04/24 23:00:00,Annual,Sexual violence,Per hundred thousand inhabitants,Slovenia,2010,"19,68",
ESTAT:CRIM_OFF_CAT(1.0),23/04/24 23:00:00,Annual,Sexual violence,Per hundred thousand inhabitants,Slovenia,2011,"15,75",
ESTAT:CRIM_OFF_CAT(1.0),23/04/24 23:00:00,Annual,Sexual violence,Per hundred thousand inhabitants,Slovenia,2012,"14,06",
ESTAT:CRIM_OFF_CAT(1.0),23/04/24 23:00:00,Annual,Sexual violence,Per hundred thousand inhabitants,Slovenia,2013,"14,18",
ESTAT:CRIM_OFF_CAT(1.0),23/04/24 23:00:00,Annual,Sexual violence,Per hundred thousand inhabitants,Slovenia,2014,"10,86",
ESTAT:CRIM_OFF_CAT(1.0),23/04/24 23:00:00,Annual,Sexual violence,Per hundred thousand inhabitants,Slovenia,2015,"8,33",
ESTAT:CRIM_OFF_CAT(1.0),23/04/24 23:00:00,Annual,Sexual violence,Per hundred thousand inhabitants,Slovenia,2016,"11,14",
ESTAT:CRIM_OFF_CAT(1.0),23/04/24 23:00:00,Annual,Sexual violence,Per hundred thousand inhabitants,Slovenia,2017,"10,79",
ESTAT:CRIM_OFF_CAT(1.0),23/04/24 23:00:00,Annual,Sexual violence,Per hundred thousand inhabitants,Slovenia,2018,"9,04",
ESTAT:CRIM_OFF_CAT(1.0),23/04/24 23:00:00,Annual,Sexual violence,Per hundred thousand inhabitants,Slovenia,2019,"11,58",
ESTAT:CRIM_OFF_CAT(1.0),23/04/24 23:00:00,Annual,Sexual violence,Per hundred thousand inhabitants,Slovenia,2020,"10,26",
ESTAT:CRIM_OFF_CAT(1.0),23/04/24 23:00:00,Annual,Sexual violence,Per hundred thousand inhabitants,Slovenia,2021,"11,29",
ESTAT:CRIM_OFF_CAT(1.0),23/04/24 23:00:00,Annual,Sexual violence,Per hundred thousand inhabitants,Slovenia,2022,"13,72",
ESTAT:CRIM_OFF_CAT(1.0),23/04/24 23:00:00,Annual,Sexual violence,Per hundred thousand inhabitants,Slovakia,2013,"11,92",
ESTAT:CRIM_OFF_CAT(1.0),23/04/24 23:00:00,Annual,Sexual violence,Per hundred thousand inhabitants,Slovakia,2014,"12,61",
ESTAT:CRIM_OFF_CAT(1.0),23/04/24 23:00:00,Annual,Sexual violence,Per hundred thousand inhabitants,Slovakia,2015,"11,9",
ESTAT:CRIM_OFF_CAT(1.0),23/04/24 23:00:00,Annual,Sexual violence,Per hundred thousand inhabitants,Slovakia,2016,"12,09",
ESTAT:CRIM_OFF_CAT(1.0),23/04/24 23:00:00,Annual,Sexual violence,Per hundred thousand inhabitants,Slovakia,2017,"12,97",
ESTAT:CRIM_OFF_CAT(1.0),23/04/24 23:00:00,Annual,Sexual violence,Per hundred thousand inhabitants,Slovakia,2018,"12,25",
ESTAT:CRIM_OFF_CAT(1.0),23/04/24 23:00:00,Annual,Sexual violence,Per hundred thousand inhabitants,Slovakia,2019,"12,81",
ESTAT:CRIM_OFF_CAT(1.0),23/04/24 23:00:00,Annual,Sexual violence,Per hundred thousand inhabitants,Slovakia,2020,"11,38",
ESTAT:CRIM_OFF_CAT(1.0),23/04/24 23:00:00,Annual,Sexual violence,Per hundred thousand inhabitants,Slovakia,2021,"10,82",
ESTAT:CRIM_OFF_CAT(1.0),23/04/24 23:00:00,Annual,Sexual violence,Per hundred thousand inhabitants,Slovakia,2022,"11,04",
ESTAT:CRIM_OFF_CAT(1.0),23/04/24 23:00:00,Annual,Sexual violence,Per hundred thousand inhabitants,England and Wales,2008,"64,65",
ESTAT:CRIM_OFF_CAT(1.0),23/04/24 23:00:00,Annual,Sexual violence,Per hundred thousand inhabitants,England and Wales,2009,"67,78",
ESTAT:CRIM_OFF_CAT(1.0),23/04/24 23:00:00,Annual,Sexual violence,Per hundred thousand inhabitants,England and Wales,2010,"70,52",
ESTAT:CRIM_OFF_CAT(1.0),23/04/24 23:00:00,Annual,Sexual violence,Per hundred thousand inhabitants,England and Wales,2011,"68,47",
ESTAT:CRIM_OFF_CAT(1.0),23/04/24 23:00:00,Annual,Sexual violence,Per hundred thousand inhabitants,England and Wales,2012,"69,06",
ESTAT:CRIM_OFF_CAT(1.0),23/04/24 23:00:00,Annual,Sexual violence,Per hundred thousand inhabitants,England and Wales,2013,"82,57",
ESTAT:CRIM_OFF_CAT(1.0),23/04/24 23:00:00,Annual,Sexual violence,Per hundred thousand inhabitants,England and Wales,2014,"137,79",
ESTAT:CRIM_OFF_CAT(1.0),23/04/24 23:00:00,Annual,Sexual violence,Per hundred thousand inhabitants,England and Wales,2015,"184,81",
ESTAT:CRIM_OFF_CAT(1.0),23/04/24 23:00:00,Annual,Sexual violence,Per hundred thousand inhabitants,England and Wales,2016,"210,19",
ESTAT:CRIM_OFF_CAT(1.0),23/04/24 23:00:00,Annual,Sexual violence,Per hundred thousand inhabitants,England and Wales,2017,"258,05",
ESTAT:CRIM_OFF_CAT(1.0),23/04/24 23:00:00,Annual,Sexual violence,Per hundred thousand inhabitants,England and Wales,2018,"274,81",
ESTAT:CRIM_OFF_CAT(1.0),23/04/24 23:00:00,Annual,Sexual violence,Per hundred thousand inhabitants,Scotland (NUTS 2021),2008,"86,98",
ESTAT:CRIM_OFF_CAT(1.0),23/04/24 23:00:00,Annual,Sexual violence,Per hundred thousand inhabitants,Scotland (NUTS 2021),2009,"92,97",
ESTAT:CRIM_OFF_CAT(1.0),23/04/24 23:00:00,Annual,Sexual violence,Per hundred thousand inhabitants,Scotland (NUTS 2021),2010,"99,72",
ESTAT:CRIM_OFF_CAT(1.0),23/04/24 23:00:00,Annual,Sexual violence,Per hundred thousand inhabitants,Scotland (NUTS 2021),2011,"118,02",
ESTAT:CRIM_OFF_CAT(1.0),23/04/24 23:00:00,Annual,Sexual violence,Per hundred thousand inhabitants,Scotland (NUTS 2021),2012,"126,91",
ESTAT:CRIM_OFF_CAT(1.0),23/04/24 23:00:00,Annual,Sexual violence,Per hundred thousand inhabitants,Scotland (NUTS 2021),2013,"152,52",
ESTAT:CRIM_OFF_CAT(1.0),23/04/24 23:00:00,Annual,Sexual violence,Per hundred thousand inhabitants,Scotland (NUTS 2021),2014,"160,26",
ESTAT:CRIM_OFF_CAT(1.0),23/04/24 23:00:00,Annual,Sexual violence,Per hundred thousand inhabitants,Scotland (NUTS 2021),2015,"173,76",
ESTAT:CRIM_OFF_CAT(1.0),23/04/24 23:00:00,Annual,Sexual violence,Per hundred thousand inhabitants,Scotland (NUTS 2021),2016,"186,92",
ESTAT:CRIM_OFF_CAT(1.0),23/04/24 23:00:00,Annual,Sexual violence,Per hundred thousand inhabitants,Scotland (NUTS 2021),2017,"214,75",
ESTAT:CRIM_OFF_CAT(1.0),23/04/24 23:00:00,Annual,Sexual violence,Per hundred thousand inhabitants,Scotland (NUTS 2021),2018,"233,68",
ESTAT:CRIM_OFF_CAT(1.0),23/04/24 23:00:00,Annual,Sexual violence,Per hundred thousand inhabitants,Northern Ireland (UK) (NUTS 2021),2008,"100,37",
ESTAT:CRIM_OFF_CAT(1.0),23/04/24 23:00:00,Annual,Sexual violence,Per hundred thousand inhabitants,Northern Ireland (UK) (NUTS 2021),2009,"99,04",
ESTAT:CRIM_OFF_CAT(1.0),23/04/24 23:00:00,Annual,Sexual violence,Per hundred thousand inhabitants,Northern Ireland (UK) (NUTS 2021),2010,"103,83",
ESTAT:CRIM_OFF_CAT(1.0),23/04/24 23:00:00,Annual,Sexual violence,Per hundred thousand inhabitants,Northern Ireland (UK) (NUTS 2021),2011,"101,68",
ESTAT:CRIM_OFF_CAT(1.0),23/04/24 23:00:00,Annual,Sexual violence,Per hundred thousand inhabitants,Northern Ireland (UK) (NUTS 2021),2012,"102,2",
ESTAT:CRIM_OFF_CAT(1.0),23/04/24 23:00:00,Annual,Sexual violence,Per hundred thousand inhabitants,Northern Ireland (UK) (NUTS 2021),2013,"117,87",
ESTAT:CRIM_OFF_CAT(1.0),23/04/24 23:00:00,Annual,Sexual violence,Per hundred thousand inhabitants,Northern Ireland (UK) (NUTS 2021),2014,"140,53",
ESTAT:CRIM_OFF_CAT(1.0),23/04/24 23:00:00,Annual,Sexual violence,Per hundred thousand inhabitants,Northern Ireland (UK) (NUTS 2021),2015,"157,62",
ESTAT:CRIM_OFF_CAT(1.0),23/04/24 23:00:00,Annual,Sexual violence,Per hundred thousand inhabitants,Northern Ireland (UK) (NUTS 2021),2016,"171,35",
ESTAT:CRIM_OFF_CAT(1.0),23/04/24 23:00:00,Annual,Sexual violence,Per hundred thousand inhabitants,Northern Ireland (UK) (NUTS 2021),2017,"179,79",
ESTAT:CRIM_OFF_CAT(1.0),23/04/24 23:00:00,Annual,Sexual violence,Per hundred thousand inhabitants,Northern Ireland (UK) (NUTS 2021),2018,"193,02",
ESTAT:CRIM_OFF_CAT(1.0),23/04/24 23:00:00,Annual,Sexual violence,Per hundred thousand inhabitants,Kosovo*,2008,"7,48",
ESTAT:CRIM_OFF_CAT(1.0),23/04/24 23:00:00,Annual,Sexual violence,Per hundred thousand inhabitants,Kosovo*,2009,"6,28",
ESTAT:CRIM_OFF_CAT(1.0),23/04/24 23:00:00,Annual,Sexual violence,Per hundred thousand inhabitants,Kosovo*,2010,"5,53",
ESTAT:CRIM_OFF_CAT(1.0),23/04/24 23:00:00,Annual,Sexual violence,Per hundred thousand inhabitants,Kosovo*,2011,"6,97",
ESTAT:CRIM_OFF_CAT(1.0),23/04/24 23:00:00,Annual,Sexual violence,Per hundred thousand inhabitants,Kosovo*,2016,"5,59",
ESTAT:CRIM_OFF_CAT(1.0),23/04/24 23:00:00,Annual,Sexual violence,Per hundred thousand inhabitants,Kosovo*,2017,"24,73",
ESTAT:CRIM_OFF_CAT(1.0),23/04/24 23:00:00,Annual,Sexual violence,Per hundred thousand inhabitants,Kosovo*,2018,"20,18",
ESTAT:CRIM_OFF_CAT(1.0),23/04/24 23:00:00,Annual,Sexual violence,Per hundred thousand inhabitants,Kosovo*,2019,"8,52",
