DATAFLOW,LAST UPDATE,freq,citizen,agedef,age,unit,sex,geo,TIME_PERIOD,Value,OBS_FLAG
ESTAT:TPS00176(1.0),29/11/24 11:00:00,Annual,Total,Age reached during the year,Total,Number,Total,Austria,2011,82230,
ESTAT:TPS00176(1.0),29/11/24 11:00:00,Annual,Total,Age reached during the year,Total,Number,Total,Austria,2012,91557,
ESTAT:TPS00176(1.0),29/11/24 11:00:00,Annual,Total,Age reached during the year,Total,Number,Total,Austria,2013,101866,
ESTAT:TPS00176(1.0),29/11/24 11:00:00,Annual,Total,Age reached during the year,Total,Number,Total,Austria,2014,116262,
ESTAT:TPS00176(1.0),29/11/24 11:00:00,Annual,Total,Age reached during the year,Total,Number,Total,Austria,2015,166323,
ESTAT:TPS00176(1.0),29/11/24 11:00:00,Annual,Total,Age reached during the year,Total,Number,Total,Austria,2016,129509,
ESTAT:TPS00176(1.0),29/11/24 11:00:00,Annual,Total,Age reached during the year,Total,Number,Total,Austria,2017,111801,
ESTAT:TPS00176(1.0),29/11/24 11:00:00,Annual,Total,Age reached during the year,Total,Number,Total,Austria,2018,105633,
ESTAT:TPS00176(1.0),29/11/24 11:00:00,Annual,Total,Age reached during the year,Total,Number,Total,Austria,2019,109167,
ESTAT:TPS00176(1.0),29/11/24 11:00:00,Annual,Total,Age reached during the year,Total,Number,Total,Austria,2020,103565,
ESTAT:TPS00176(1.0),29/11/24 11:00:00,Annual,Total,Age reached during the year,Total,Number,Total,Austria,2021,118511,
ESTAT:TPS00176(1.0),29/11/24 11:00:00,Annual,Total,Age reached during the year,Total,Number,Total,Austria,2022,201622,
ESTAT:TPS00176(1.0),29/11/24 11:00:00,Annual,Total,Age reached during the year,Total,Number,Total,Belgium,2011,147377,b
ESTAT:TPS00176(1.0),29/11/24 11:00:00,Annual,Total,Age reached during the year,Total,Number,Total,Belgium,2012,129477,
ESTAT:TPS00176(1.0),29/11/24 11:00:00,Annual,Total,Age reached during the year,Total,Number,Total,Belgium,2013,120078,
ESTAT:TPS00176(1.0),29/11/24 11:00:00,Annual,Total,Age reached during the year,Total,Number,Total,Belgium,2014,123158,
ESTAT:TPS00176(1.0),29/11/24 11:00:00,Annual,Total,Age reached during the year,Total,Number,Total,Belgium,2015,146626,
ESTAT:TPS00176(1.0),29/11/24 11:00:00,Annual,Total,Age reached during the year,Total,Number,Total,Belgium,2016,123702,
ESTAT:TPS00176(1.0),29/11/24 11:00:00,Annual,Total,Age reached during the year,Total,Number,Total,Belgium,2017,126703,
ESTAT:TPS00176(1.0),29/11/24 11:00:00,Annual,Total,Age reached during the year,Total,Number,Total,Belgium,2018,137860,
ESTAT:TPS00176(1.0),29/11/24 11:00:00,Annual,Total,Age reached during the year,Total,Number,Total,Belgium,2019,150006,
ESTAT:TPS00176(1.0),29/11/24 11:00:00,Annual,Total,Age reached during the year,Total,Number,Total,Belgium,2020,118683,
ESTAT:TPS00176(1.0),29/11/24 11:00:00,Annual,Total,Age reached during the year,Total,Number,Total,Belgium,2021,139743,
ESTAT:TPS00176(1.0),29/11/24 11:00:00,Annual,Total,Age reached during the year,Total,Number,Total,Belgium,2022,208356,
ESTAT:TPS00176(1.0),29/11/24 11:00:00,Annual,Total,Age reached during the year,Total,Number,Total,Bulgaria,2012,14103,bp
ESTAT:TPS00176(1.0),29/11/24 11:00:00,Annual,Total,Age reached during the year,Total,Number,Total,Bulgaria,2013,18570,p
ESTAT:TPS00176(1.0),29/11/24 11:00:00,Annual,Total,Age reached during the year,Total,Number,Total,Bulgaria,2014,26615,p
ESTAT:TPS00176(1.0),29/11/24 11:00:00,Annual,Total,Age reached during the year,Total,Number,Total,Bulgaria,2015,25223,p
ESTAT:TPS00176(1.0),29/11/24 11:00:00,Annual,Total,Age reached during the year,Total,Number,Total,Bulgaria,2016,21241,p
ESTAT:TPS00176(1.0),29/11/24 11:00:00,Annual,Total,Age reached during the year,Total,Number,Total,Bulgaria,2017,25597,p
ESTAT:TPS00176(1.0),29/11/24 11:00:00,Annual,Total,Age reached during the year,Total,Number,Total,Bulgaria,2018,29559,p
ESTAT:TPS00176(1.0),29/11/24 11:00:00,Annual,Total,Age reached during the year,Total,Number,Total,Bulgaria,2019,37929,p
ESTAT:TPS00176(1.0),29/11/24 11:00:00,Annual,Total,Age reached during the year,Total,Number,Total,Bulgaria,2020,37364,p
ESTAT:TPS00176(1.0),29/11/24 11:00:00,Annual,Total,Age reached during the year,Total,Number,Total,Bulgaria,2021,39461,
ESTAT:TPS00176(1.0),29/11/24 11:00:00,Annual,Total,Age reached during the year,Total,Number,Total,Bulgaria,2022,40619,
ESTAT:TPS00176(1.0),29/11/24 11:00:00,Annual,Total,Age reached during the year,Total,Number,Total,Switzerland,2011,148799,b
ESTAT:TPS00176(1.0),29/11/24 11:00:00,Annual,Total,Age reached during the year,Total,Number,Total,Switzerland,2012,149051,
ESTAT:TPS00176(1.0),29/11/24 11:00:00,Annual,Total,Age reached during the year,Total,Number,Total,Switzerland,2013,160157,
ESTAT:TPS00176(1.0),29/11/24 11:00:00,Annual,Total,Age reached during the year,Total,Number,Total,Switzerland,2014,156282,
ESTAT:TPS00176(1.0),29/11/24 11:00:00,Annual,Total,Age reached during the year,Total,Number,Total,Switzerland,2015,153627,
ESTAT:TPS00176(1.0),29/11/24 11:00:00,Annual,Total,Age reached during the year,Total,Number,Total,Switzerland,2016,149305,
ESTAT:TPS00176(1.0),29/11/24 11:00:00,Annual,Total,Age reached during the year,Total,Number,Total,Switzerland,2017,143377,
ESTAT:TPS00176(1.0),29/11/24 11:00:00,Annual,Total,Age reached during the year,Total,Number,Total,Switzerland,2018,144857,
ESTAT:TPS00176(1.0),29/11/24 11:00:00,Annual,Total,Age reached during the year,Total,Number,Total,Switzerland,2019,145129,
ESTAT:TPS00176(1.0),29/11/24 11:00:00,Annual,Total,Age reached during the year,Total,Number,Total,Switzerland,2020,138778,
ESTAT:TPS00176(1.0),29/11/24 11:00:00,Annual,Total,Age reached during the year,Total,Number,Total,Switzerland,2021,144907,
ESTAT:TPS00176(1.0),29/11/24 11:00:00,Annual,Total,Age reached during the year,Total,Number,Total,Switzerland,2022,167079,
ESTAT:TPS00176(1.0),29/11/24 11:00:00,Annual,Total,Age reached during the year,Total,Number,Total,Cyprus,2011,23037,
ESTAT:TPS00176(1.0),29/11/24 11:00:00,Annual,Total,Age reached during the year,Total,Number,Total,Cyprus,2012,17476,
ESTAT:TPS00176(1.0),29/11/24 11:00:00,Annual,Total,Age reached during the year,Total,Number,Total,Cyprus,2013,13149,
ESTAT:TPS00176(1.0),29/11/24 11:00:00,Annual,Total,Age reached during the year,Total,Number,Total,Cyprus,2014,9212,
ESTAT:TPS00176(1.0),29/11/24 11:00:00,Annual,Total,Age reached during the year,Total,Number,Total,Cyprus,2015,15183,
ESTAT:TPS00176(1.0),29/11/24 11:00:00,Annual,Total,Age reached during the year,Total,Number,Total,Cyprus,2016,17391,
ESTAT:TPS00176(1.0),29/11/24 11:00:00,Annual,Total,Age reached during the year,Total,Number,Total,Cyprus,2017,21306,
ESTAT:TPS00176(1.0),29/11/24 11:00:00,Annual,Total,Age reached during the year,Total,Number,Total,Cyprus,2018,23442,
ESTAT:TPS00176(1.0),29/11/24 11:00:00,Annual,Total,Age reached during the year,Total,Number,Total,Cyprus,2019,26170,
ESTAT:TPS00176(1.0),29/11/24 11:00:00,Annual,Total,Age reached during the year,Total,Number,Total,Cyprus,2020,25861,
ESTAT:TPS00176(1.0),29/11/24 11:00:00,Annual,Total,Age reached during the year,Total,Number,Total,Cyprus,2021,24001,
ESTAT:TPS00176(1.0),29/11/24 11:00:00,Annual,Total,Age reached during the year,Total,Number,Total,Cyprus,2022,31052,
ESTAT:TPS00176(1.0),29/11/24 11:00:00,Annual,Total,Age reached during the year,Total,Number,Total,Czechia,2011,27114,b
ESTAT:TPS00176(1.0),29/11/24 11:00:00,Annual,Total,Age reached during the year,Total,Number,Total,Czechia,2012,34337,
ESTAT:TPS00176(1.0),29/11/24 11:00:00,Annual,Total,Age reached during the year,Total,Number,Total,Czechia,2013,30124,b
ESTAT:TPS00176(1.0),29/11/24 11:00:00,Annual,Total,Age reached during the year,Total,Number,Total,Czechia,2014,29897,
ESTAT:TPS00176(1.0),29/11/24 11:00:00,Annual,Total,Age reached during the year,Total,Number,Total,Czechia,2015,29602,
ESTAT:TPS00176(1.0),29/11/24 11:00:00,Annual,Total,Age reached during the year,Total,Number,Total,Czechia,2016,64083,
ESTAT:TPS00176(1.0),29/11/24 11:00:00,Annual,Total,Age reached during the year,Total,Number,Total,Czechia,2017,51847,
ESTAT:TPS00176(1.0),29/11/24 11:00:00,Annual,Total,Age reached during the year,Total,Number,Total,Czechia,2018,65910,
ESTAT:TPS00176(1.0),29/11/24 11:00:00,Annual,Total,Age reached during the year,Total,Number,Total,Czechia,2019,105888,
ESTAT:TPS00176(1.0),29/11/24 11:00:00,Annual,Total,Age reached during the year,Total,Number,Total,Czechia,2020,63095,
ESTAT:TPS00176(1.0),29/11/24 11:00:00,Annual,Total,Age reached during the year,Total,Number,Total,Czechia,2021,69360,
ESTAT:TPS00176(1.0),29/11/24 11:00:00,Annual,Total,Age reached during the year,Total,Number,Total,Czechia,2022,347429,
ESTAT:TPS00176(1.0),29/11/24 11:00:00,Annual,Total,Age reached during the year,Total,Number,Total,Germany,2011,489422,
ESTAT:TPS00176(1.0),29/11/24 11:00:00,Annual,Total,Age reached during the year,Total,Number,Total,Germany,2012,592175,
ESTAT:TPS00176(1.0),29/11/24 11:00:00,Annual,Total,Age reached during the year,Total,Number,Total,Germany,2013,692713,
ESTAT:TPS00176(1.0),29/11/24 11:00:00,Annual,Total,Age reached during the year,Total,Number,Total,Germany,2014,866757,e
ESTAT:TPS00176(1.0),29/11/24 11:00:00,Annual,Total,Age reached during the year,Total,Number,Total,Germany,2015,1549937,e
ESTAT:TPS00176(1.0),29/11/24 11:00:00,Annual,Total,Age reached during the year,Total,Number,Total,Germany,2016,1046171,e
ESTAT:TPS00176(1.0),29/11/24 11:00:00,Annual,Total,Age reached during the year,Total,Number,Total,Germany,2017,866541,e
ESTAT:TPS00176(1.0),29/11/24 11:00:00,Annual,Total,Age reached during the year,Total,Number,Total,Germany,2018,825736,e
ESTAT:TPS00176(1.0),29/11/24 11:00:00,Annual,Total,Age reached during the year,Total,Number,Total,Germany,2019,804821,e
ESTAT:TPS00176(1.0),29/11/24 11:00:00,Annual,Total,Age reached during the year,Total,Number,Total,Germany,2020,642399,e
ESTAT:TPS00176(1.0),29/11/24 11:00:00,Annual,Total,Age reached during the year,Total,Number,Total,Germany,2021,775946,e
ESTAT:TPS00176(1.0),29/11/24 11:00:00,Annual,Total,Age reached during the year,Total,Number,Total,Germany,2022,1943445,e
ESTAT:TPS00176(1.0),29/11/24 11:00:00,Annual,Total,Age reached during the year,Total,Number,Total,Denmark,2011,52833,
ESTAT:TPS00176(1.0),29/11/24 11:00:00,Annual,Total,Age reached during the year,Total,Number,Total,Denmark,2012,54409,
ESTAT:TPS00176(1.0),29/11/24 11:00:00,Annual,Total,Age reached during the year,Total,Number,Total,Denmark,2013,60312,
ESTAT:TPS00176(1.0),29/11/24 11:00:00,Annual,Total,Age reached during the year,Total,Number,Total,Denmark,2014,68388,
ESTAT:TPS00176(1.0),29/11/24 11:00:00,Annual,Total,Age reached during the year,Total,Number,Total,Denmark,2015,78492,
ESTAT:TPS00176(1.0),29/11/24 11:00:00,Annual,Total,Age reached during the year,Total,Number,Total,Denmark,2016,74383,
ESTAT:TPS00176(1.0),29/11/24 11:00:00,Annual,Total,Age reached during the year,Total,Number,Total,Denmark,2017,68579,
ESTAT:TPS00176(1.0),29/11/24 11:00:00,Annual,Total,Age reached during the year,Total,Number,Total,Denmark,2018,64669,
ESTAT:TPS00176(1.0),29/11/24 11:00:00,Annual,Total,Age reached during the year,Total,Number,Total,Denmark,2019,61384,
ESTAT:TPS00176(1.0),29/11/24 11:00:00,Annual,Total,Age reached during the year,Total,Number,Total,Denmark,2020,57230,
ESTAT:TPS00176(1.0),29/11/24 11:00:00,Annual,Total,Age reached during the year,Total,Number,Total,Denmark,2021,63489,
ESTAT:TPS00176(1.0),29/11/24 11:00:00,Annual,Total,Age reached during the year,Total,Number,Total,Denmark,2022,121183,
ESTAT:TPS00176(1.0),29/11/24 11:00:00,Annual,Total,Age reached during the year,Total,Number,Total,Estonia,2011,3709,
ESTAT:TPS00176(1.0),29/11/24 11:00:00,Annual,Total,Age reached during the year,Total,Number,Total,Estonia,2012,2639,
ESTAT:TPS00176(1.0),29/11/24 11:00:00,Annual,Total,Age reached during the year,Total,Number,Total,Estonia,2013,4109,
ESTAT:TPS00176(1.0),29/11/24 11:00:00,Annual,Total,Age reached during the year,Total,Number,Total,Estonia,2014,3904,
ESTAT:TPS00176(1.0),29/11/24 11:00:00,Annual,Total,Age reached during the year,Total,Number,Total,Estonia,2015,15413,b
ESTAT:TPS00176(1.0),29/11/24 11:00:00,Annual,Total,Age reached during the year,Total,Number,Total,Estonia,2016,14822,
ESTAT:TPS00176(1.0),29/11/24 11:00:00,Annual,Total,Age reached during the year,Total,Number,Total,Estonia,2017,17616,
ESTAT:TPS00176(1.0),29/11/24 11:00:00,Annual,Total,Age reached during the year,Total,Number,Total,Estonia,2018,17547,
ESTAT:TPS00176(1.0),29/11/24 11:00:00,Annual,Total,Age reached during the year,Total,Number,Total,Estonia,2019,18259,
ESTAT:TPS00176(1.0),29/11/24 11:00:00,Annual,Total,Age reached during the year,Total,Number,Total,Estonia,2020,16209,
ESTAT:TPS00176(1.0),29/11/24 11:00:00,Annual,Total,Age reached during the year,Total,Number,Total,Estonia,2021,19524,
ESTAT:TPS00176(1.0),29/11/24 11:00:00,Annual,Total,Age reached during the year,Total,Number,Total,Estonia,2022,49414,
ESTAT:TPS00176(1.0),29/11/24 11:00:00,Annual,Total,Age reached during the year,Total,Number,Total,Greece,2011,60089,b
ESTAT:TPS00176(1.0),29/11/24 11:00:00,Annual,Total,Age reached during the year,Total,Number,Total,Greece,2012,58200,
ESTAT:TPS00176(1.0),29/11/24 11:00:00,Annual,Total,Age reached during the year,Total,Number,Total,Greece,2013,57946,
ESTAT:TPS00176(1.0),29/11/24 11:00:00,Annual,Total,Age reached during the year,Total,Number,Total,Greece,2014,59013,
ESTAT:TPS00176(1.0),29/11/24 11:00:00,Annual,Total,Age reached during the year,Total,Number,Total,Greece,2015,64446,b
ESTAT:TPS00176(1.0),29/11/24 11:00:00,Annual,Total,Age reached during the year,Total,Number,Total,Greece,2016,116867,b
ESTAT:TPS00176(1.0),29/11/24 11:00:00,Annual,Total,Age reached during the year,Total,Number,Total,Greece,2017,112247,
ESTAT:TPS00176(1.0),29/11/24 11:00:00,Annual,Total,Age reached during the year,Total,Number,Total,Greece,2018,119489,
ESTAT:TPS00176(1.0),29/11/24 11:00:00,Annual,Total,Age reached during the year,Total,Number,Total,Greece,2019,129459,
ESTAT:TPS00176(1.0),29/11/24 11:00:00,Annual,Total,Age reached during the year,Total,Number,Total,Greece,2020,84221,
ESTAT:TPS00176(1.0),29/11/24 11:00:00,Annual,Total,Age reached during the year,Total,Number,Total,Greece,2021,57120,
ESTAT:TPS00176(1.0),29/11/24 11:00:00,Annual,Total,Age reached during the year,Total,Number,Total,Greece,2022,96662,
ESTAT:TPS00176(1.0),29/11/24 11:00:00,Annual,Total,Age reached during the year,Total,Number,Total,Spain,2011,371331,
ESTAT:TPS00176(1.0),29/11/24 11:00:00,Annual,Total,Age reached during the year,Total,Number,Total,Spain,2012,304053,
ESTAT:TPS00176(1.0),29/11/24 11:00:00,Annual,Total,Age reached during the year,Total,Number,Total,Spain,2013,280772,
ESTAT:TPS00176(1.0),29/11/24 11:00:00,Annual,Total,Age reached during the year,Total,Number,Total,Spain,2014,305454,
ESTAT:TPS00176(1.0),29/11/24 11:00:00,Annual,Total,Age reached during the year,Total,Number,Total,Spain,2015,342114,
ESTAT:TPS00176(1.0),29/11/24 11:00:00,Annual,Total,Age reached during the year,Total,Number,Total,Spain,2016,414746,
ESTAT:TPS00176(1.0),29/11/24 11:00:00,Annual,Total,Age reached during the year,Total,Number,Total,Spain,2017,532132,
ESTAT:TPS00176(1.0),29/11/24 11:00:00,Annual,Total,Age reached during the year,Total,Number,Total,Spain,2018,643684,
ESTAT:TPS00176(1.0),29/11/24 11:00:00,Annual,Total,Age reached during the year,Total,Number,Total,Spain,2019,750480,
ESTAT:TPS00176(1.0),29/11/24 11:00:00,Annual,Total,Age reached during the year,Total,Number,Total,Spain,2020,467918,
ESTAT:TPS00176(1.0),29/11/24 11:00:00,Annual,Total,Age reached during the year,Total,Number,Total,Spain,2021,887960,b
ESTAT:TPS00176(1.0),29/11/24 11:00:00,Annual,Total,Age reached during the year,Total,Number,Total,Spain,2022,1258894,
ESTAT:TPS00176(1.0),29/11/24 11:00:00,Annual,Total,Age reached during the year,Total,Number,Total,European Union - 27 countries (from 2020),2013,2901445,bep
ESTAT:TPS00176(1.0),29/11/24 11:00:00,Annual,Total,Age reached during the year,Total,Number,Total,European Union - 27 countries (from 2020),2014,3151967,ep
ESTAT:TPS00176(1.0),29/11/24 11:00:00,Annual,Total,Age reached during the year,Total,Number,Total,European Union - 27 countries (from 2020),2015,4051135,bep
ESTAT:TPS00176(1.0),29/11/24 11:00:00,Annual,Total,Age reached during the year,Total,Number,Total,European Union - 27 countries (from 2020),2016,3738024,bep
ESTAT:TPS00176(1.0),29/11/24 11:00:00,Annual,Total,Age reached during the year,Total,Number,Total,European Union - 27 countries (from 2020),2017,3731511,ep
ESTAT:TPS00176(1.0),29/11/24 11:00:00,Annual,Total,Age reached during the year,Total,Number,Total,European Union - 27 countries (from 2020),2018,3903785,ep
ESTAT:TPS00176(1.0),29/11/24 11:00:00,Annual,Total,Age reached during the year,Total,Number,Total,European Union - 27 countries (from 2020),2019,4175393,bep
ESTAT:TPS00176(1.0),29/11/24 11:00:00,Annual,Total,Age reached during the year,Total,Number,Total,European Union - 27 countries (from 2020),2020,3210557,ep
ESTAT:TPS00176(1.0),29/11/24 11:00:00,Annual,Total,Age reached during the year,Total,Number,Total,European Union - 27 countries (from 2020),2021,4053211,bep
ESTAT:TPS00176(1.0),29/11/24 11:00:00,Annual,Total,Age reached during the year,Total,Number,Total,European Union - 27 countries (from 2020),2022,6898752,ep
ESTAT:TPS00176(1.0),29/11/24 11:00:00,Annual,Total,Age reached during the year,Total,Number,Total,Finland,2011,29481,
ESTAT:TPS00176(1.0),29/11/24 11:00:00,Annual,Total,Age reached during the year,Total,Number,Total,Finland,2012,31278,
ESTAT:TPS00176(1.0),29/11/24 11:00:00,Annual,Total,Age reached during the year,Total,Number,Total,Finland,2013,31941,
ESTAT:TPS00176(1.0),29/11/24 11:00:00,Annual,Total,Age reached during the year,Total,Number,Total,Finland,2014,31507,
ESTAT:TPS00176(1.0),29/11/24 11:00:00,Annual,Total,Age reached during the year,Total,Number,Total,Finland,2015,28746,
ESTAT:TPS00176(1.0),29/11/24 11:00:00,Annual,Total,Age reached during the year,Total,Number,Total,Finland,2016,34905,
ESTAT:TPS00176(1.0),29/11/24 11:00:00,Annual,Total,Age reached during the year,Total,Number,Total,Finland,2017,31797,
ESTAT:TPS00176(1.0),29/11/24 11:00:00,Annual,Total,Age reached during the year,Total,Number,Total,Finland,2018,31106,
ESTAT:TPS00176(1.0),29/11/24 11:00:00,Annual,Total,Age reached during the year,Total,Number,Total,Finland,2019,32758,
ESTAT:TPS00176(1.0),29/11/24 11:00:00,Annual,Total,Age reached during the year,Total,Number,Total,Finland,2020,32898,
ESTAT:TPS00176(1.0),29/11/24 11:00:00,Annual,Total,Age reached during the year,Total,Number,Total,Finland,2021,36364,
ESTAT:TPS00176(1.0),29/11/24 11:00:00,Annual,Total,Age reached during the year,Total,Number,Total,Finland,2022,49998,
ESTAT:TPS00176(1.0),29/11/24 11:00:00,Annual,Total,Age reached during the year,Total,Number,Total,France,2011,319816,
ESTAT:TPS00176(1.0),29/11/24 11:00:00,Annual,Total,Age reached during the year,Total,Number,Total,France,2012,327431,
ESTAT:TPS00176(1.0),29/11/24 11:00:00,Annual,Total,Age reached during the year,Total,Number,Total,France,2013,338752,
ESTAT:TPS00176(1.0),29/11/24 11:00:00,Annual,Total,Age reached during the year,Total,Number,Total,France,2014,340383,
ESTAT:TPS00176(1.0),29/11/24 11:00:00,Annual,Total,Age reached during the year,Total,Number,Total,France,2015,364221,
ESTAT:TPS00176(1.0),29/11/24 11:00:00,Annual,Total,Age reached during the year,Total,Number,Total,France,2016,377709,
ESTAT:TPS00176(1.0),29/11/24 11:00:00,Annual,Total,Age reached during the year,Total,Number,Total,France,2017,369621,
ESTAT:TPS00176(1.0),29/11/24 11:00:00,Annual,Total,Age reached during the year,Total,Number,Total,France,2018,387160,
ESTAT:TPS00176(1.0),29/11/24 11:00:00,Annual,Total,Age reached during the year,Total,Number,Total,France,2019,385596,
ESTAT:TPS00176(1.0),29/11/24 11:00:00,Annual,Total,Age reached during the year,Total,Number,Total,France,2020,283250,
ESTAT:TPS00176(1.0),29/11/24 11:00:00,Annual,Total,Age reached during the year,Total,Number,Total,France,2021,336398,p
ESTAT:TPS00176(1.0),29/11/24 11:00:00,Annual,Total,Age reached during the year,Total,Number,Total,France,2022,431017,p
ESTAT:TPS00176(1.0),29/11/24 11:00:00,Annual,Total,Age reached during the year,Total,Number,Total,Georgia,2022,179778,
ESTAT:TPS00176(1.0),29/11/24 11:00:00,Annual,Total,Age reached during the year,Total,Number,Total,Croatia,2011,8534,
ESTAT:TPS00176(1.0),29/11/24 11:00:00,Annual,Total,Age reached during the year,Total,Number,Total,Croatia,2012,8959,
ESTAT:TPS00176(1.0),29/11/24 11:00:00,Annual,Total,Age reached during the year,Total,Number,Total,Croatia,2013,10378,
ESTAT:TPS00176(1.0),29/11/24 11:00:00,Annual,Total,Age reached during the year,Total,Number,Total,Croatia,2014,10638,
ESTAT:TPS00176(1.0),29/11/24 11:00:00,Annual,Total,Age reached during the year,Total,Number,Total,Croatia,2015,11706,
ESTAT:TPS00176(1.0),29/11/24 11:00:00,Annual,Total,Age reached during the year,Total,Number,Total,Croatia,2016,13985,
ESTAT:TPS00176(1.0),29/11/24 11:00:00,Annual,Total,Age reached during the year,Total,Number,Total,Croatia,2017,15553,
ESTAT:TPS00176(1.0),29/11/24 11:00:00,Annual,Total,Age reached during the year,Total,Number,Total,Croatia,2018,26029,
ESTAT:TPS00176(1.0),29/11/24 11:00:00,Annual,Total,Age reached during the year,Total,Number,Total,Croatia,2019,37726,
ESTAT:TPS00176(1.0),29/11/24 11:00:00,Annual,Total,Age reached during the year,Total,Number,Total,Croatia,2020,33414,
ESTAT:TPS00176(1.0),29/11/24 11:00:00,Annual,Total,Age reached during the year,Total,Number,Total,Croatia,2021,35912,
ESTAT:TPS00176(1.0),29/11/24 11:00:00,Annual,Total,Age reached during the year,Total,Number,Total,Croatia,2022,57972,
ESTAT:TPS00176(1.0),29/11/24 11:00:00,Annual,Total,Age reached during the year,Total,Number,Total,Hungary,2011,28018,
ESTAT:TPS00176(1.0),29/11/24 11:00:00,Annual,Total,Age reached during the year,Total,Number,Total,Hungary,2012,33702,
ESTAT:TPS00176(1.0),29/11/24 11:00:00,Annual,Total,Age reached during the year,Total,Number,Total,Hungary,2013,38968,
ESTAT:TPS00176(1.0),29/11/24 11:00:00,Annual,Total,Age reached during the year,Total,Number,Total,Hungary,2014,54581,
ESTAT:TPS00176(1.0),29/11/24 11:00:00,Annual,Total,Age reached during the year,Total,Number,Total,Hungary,2015,58344,
ESTAT:TPS00176(1.0),29/11/24 11:00:00,Annual,Total,Age reached during the year,Total,Number,Total,Hungary,2016,53618,
ESTAT:TPS00176(1.0),29/11/24 11:00:00,Annual,Total,Age reached during the year,Total,Number,Total,Hungary,2017,68070,
ESTAT:TPS00176(1.0),29/11/24 11:00:00,Annual,Total,Age reached during the year,Total,Number,Total,Hungary,2018,82937,
ESTAT:TPS00176(1.0),29/11/24 11:00:00,Annual,Total,Age reached during the year,Total,Number,Total,Hungary,2019,88581,
ESTAT:TPS00176(1.0),29/11/24 11:00:00,Annual,Total,Age reached during the year,Total,Number,Total,Hungary,2020,75470,
ESTAT:TPS00176(1.0),29/11/24 11:00:00,Annual,Total,Age reached during the year,Total,Number,Total,Hungary,2021,80471,
ESTAT:TPS00176(1.0),29/11/24 11:00:00,Annual,Total,Age reached during the year,Total,Number,Total,Hungary,2022,94148,
ESTAT:TPS00176(1.0),29/11/24 11:00:00,Annual,Total,Age reached during the year,Total,Number,Total,Ireland,2011,57292,b
ESTAT:TPS00176(1.0),29/11/24 11:00:00,Annual,Total,Age reached during the year,Total,Number,Total,Ireland,2012,61324,
ESTAT:TPS00176(1.0),29/11/24 11:00:00,Annual,Total,Age reached during the year,Total,Number,Total,Ireland,2013,65539,
ESTAT:TPS00176(1.0),29/11/24 11:00:00,Annual,Total,Age reached during the year,Total,Number,Total,Ireland,2014,73519,
ESTAT:TPS00176(1.0),29/11/24 11:00:00,Annual,Total,Age reached during the year,Total,Number,Total,Ireland,2015,80792,
ESTAT:TPS00176(1.0),29/11/24 11:00:00,Annual,Total,Age reached during the year,Total,Number,Total,Ireland,2016,93378,
ESTAT:TPS00176(1.0),29/11/24 11:00:00,Annual,Total,Age reached during the year,Total,Number,Total,Ireland,2017,84743,
ESTAT:TPS00176(1.0),29/11/24 11:00:00,Annual,Total,Age reached during the year,Total,Number,Total,Ireland,2018,105699,
ESTAT:TPS00176(1.0),29/11/24 11:00:00,Annual,Total,Age reached during the year,Total,Number,Total,Ireland,2019,96321,
ESTAT:TPS00176(1.0),29/11/24 11:00:00,Annual,Total,Age reached during the year,Total,Number,Total,Ireland,2020,81918,
ESTAT:TPS00176(1.0),29/11/24 11:00:00,Annual,Total,Age reached during the year,Total,Number,Total,Ireland,2021,83770,
ESTAT:TPS00176(1.0),29/11/24 11:00:00,Annual,Total,Age reached during the year,Total,Number,Total,Ireland,2022,157537,
ESTAT:TPS00176(1.0),29/11/24 11:00:00,Annual,Total,Age reached during the year,Total,Number,Total,Iceland,2011,4073,
ESTAT:TPS00176(1.0),29/11/24 11:00:00,Annual,Total,Age reached during the year,Total,Number,Total,Iceland,2012,4960,
ESTAT:TPS00176(1.0),29/11/24 11:00:00,Annual,Total,Age reached during the year,Total,Number,Total,Iceland,2013,6406,
ESTAT:TPS00176(1.0),29/11/24 11:00:00,Annual,Total,Age reached during the year,Total,Number,Total,Iceland,2014,5368,
ESTAT:TPS00176(1.0),29/11/24 11:00:00,Annual,Total,Age reached during the year,Total,Number,Total,Iceland,2015,5635,
ESTAT:TPS00176(1.0),29/11/24 11:00:00,Annual,Total,Age reached during the year,Total,Number,Total,Iceland,2016,8710,
ESTAT:TPS00176(1.0),29/11/24 11:00:00,Annual,Total,Age reached during the year,Total,Number,Total,Iceland,2017,12116,
ESTAT:TPS00176(1.0),29/11/24 11:00:00,Annual,Total,Age reached during the year,Total,Number,Total,Iceland,2018,11830,
ESTAT:TPS00176(1.0),29/11/24 11:00:00,Annual,Total,Age reached during the year,Total,Number,Total,Iceland,2019,9872,
ESTAT:TPS00176(1.0),29/11/24 11:00:00,Annual,Total,Age reached during the year,Total,Number,Total,Iceland,2020,8544,
ESTAT:TPS00176(1.0),29/11/24 11:00:00,Annual,Total,Age reached during the year,Total,Number,Total,Iceland,2021,8996,
ESTAT:TPS00176(1.0),29/11/24 11:00:00,Annual,Total,Age reached during the year,Total,Number,Total,Iceland,2022,14878,
ESTAT:TPS00176(1.0),29/11/24 11:00:00,Annual,Total,Age reached during the year,Total,Number,Total,Italy,2011,385793,
ESTAT:TPS00176(1.0),29/11/24 11:00:00,Annual,Total,Age reached during the year,Total,Number,Total,Italy,2012,350772,
ESTAT:TPS00176(1.0),29/11/24 11:00:00,Annual,Total,Age reached during the year,Total,Number,Total,Italy,2013,307454,
ESTAT:TPS00176(1.0),29/11/24 11:00:00,Annual,Total,Age reached during the year,Total,Number,Total,Italy,2014,277631,
ESTAT:TPS00176(1.0),29/11/24 11:00:00,Annual,Total,Age reached during the year,Total,Number,Total,Italy,2015,280078,
ESTAT:TPS00176(1.0),29/11/24 11:00:00,Annual,Total,Age reached during the year,Total,Number,Total,Italy,2016,300823,
ESTAT:TPS00176(1.0),29/11/24 11:00:00,Annual,Total,Age reached during the year,Total,Number,Total,Italy,2017,343440,
ESTAT:TPS00176(1.0),29/11/24 11:00:00,Annual,Total,Age reached during the year,Total,Number,Total,Italy,2018,332324,
ESTAT:TPS00176(1.0),29/11/24 11:00:00,Annual,Total,Age reached during the year,Total,Number,Total,Italy,2019,332778,
ESTAT:TPS00176(1.0),29/11/24 11:00:00,Annual,Total,Age reached during the year,Total,Number,Total,Italy,2020,247526,
ESTAT:TPS00176(1.0),29/11/24 11:00:00,Annual,Total,Age reached during the year,Total,Number,Total,Italy,2021,318366,
ESTAT:TPS00176(1.0),29/11/24 11:00:00,Annual,Total,Age reached during the year,Total,Number,Total,Italy,2022,410985,
ESTAT:TPS00176(1.0),29/11/24 11:00:00,Annual,Total,Age reached during the year,Total,Number,Total,Liechtenstein,2011,650,
ESTAT:TPS00176(1.0),29/11/24 11:00:00,Annual,Total,Age reached during the year,Total,Number,Total,Liechtenstein,2012,671,
ESTAT:TPS00176(1.0),29/11/24 11:00:00,Annual,Total,Age reached during the year,Total,Number,Total,Liechtenstein,2013,696,
ESTAT:TPS00176(1.0),29/11/24 11:00:00,Annual,Total,Age reached during the year,Total,Number,Total,Liechtenstein,2014,615,
ESTAT:TPS00176(1.0),29/11/24 11:00:00,Annual,Total,Age reached during the year,Total,Number,Total,Liechtenstein,2015,657,
ESTAT:TPS00176(1.0),29/11/24 11:00:00,Annual,Total,Age reached during the year,Total,Number,Total,Liechtenstein,2016,607,
ESTAT:TPS00176(1.0),29/11/24 11:00:00,Annual,Total,Age reached during the year,Total,Number,Total,Liechtenstein,2017,645,
ESTAT:TPS00176(1.0),29/11/24 11:00:00,Annual,Total,Age reached during the year,Total,Number,Total,Liechtenstein,2018,649,
ESTAT:TPS00176(1.0),29/11/24 11:00:00,Annual,Total,Age reached during the year,Total,Number,Total,Liechtenstein,2019,727,
ESTAT:TPS00176(1.0),29/11/24 11:00:00,Annual,Total,Age reached during the year,Total,Number,Total,Liechtenstein,2020,713,
ESTAT:TPS00176(1.0),29/11/24 11:00:00,Annual,Total,Age reached during the year,Total,Number,Total,Liechtenstein,2021,669,
ESTAT:TPS00176(1.0),29/11/24 11:00:00,Annual,Total,Age reached during the year,Total,Number,Total,Liechtenstein,2022,770,
ESTAT:TPS00176(1.0),29/11/24 11:00:00,Annual,Total,Age reached during the year,Total,Number,Total,Lithuania,2011,15685,
ESTAT:TPS00176(1.0),29/11/24 11:00:00,Annual,Total,Age reached during the year,Total,Number,Total,Lithuania,2012,28797,
ESTAT:TPS00176(1.0),29/11/24 11:00:00,Annual,Total,Age reached during the year,Total,Number,Total,Lithuania,2013,30924,
ESTAT:TPS00176(1.0),29/11/24 11:00:00,Annual,Total,Age reached during the year,Total,Number,Total,Lithuania,2014,33544,
ESTAT:TPS00176(1.0),29/11/24 11:00:00,Annual,Total,Age reached during the year,Total,Number,Total,Lithuania,2015,31085,
ESTAT:TPS00176(1.0),29/11/24 11:00:00,Annual,Total,Age reached during the year,Total,Number,Total,Lithuania,2016,31395,
ESTAT:TPS00176(1.0),29/11/24 11:00:00,Annual,Total,Age reached during the year,Total,Number,Total,Lithuania,2017,33305,
ESTAT:TPS00176(1.0),29/11/24 11:00:00,Annual,Total,Age reached during the year,Total,Number,Total,Lithuania,2018,37420,
ESTAT:TPS00176(1.0),29/11/24 11:00:00,Annual,Total,Age reached during the year,Total,Number,Total,Lithuania,2019,46526,
ESTAT:TPS00176(1.0),29/11/24 11:00:00,Annual,Total,Age reached during the year,Total,Number,Total,Lithuania,2020,46020,
ESTAT:TPS00176(1.0),29/11/24 11:00:00,Annual,Total,Age reached during the year,Total,Number,Total,Lithuania,2021,44858,
ESTAT:TPS00176(1.0),29/11/24 11:00:00,Annual,Total,Age reached during the year,Total,Number,Total,Lithuania,2022,87367,
ESTAT:TPS00176(1.0),29/11/24 11:00:00,Annual,Total,Age reached during the year,Total,Number,Total,Luxembourg,2011,20268,
ESTAT:TPS00176(1.0),29/11/24 11:00:00,Annual,Total,Age reached during the year,Total,Number,Total,Luxembourg,2012,20478,
ESTAT:TPS00176(1.0),29/11/24 11:00:00,Annual,Total,Age reached during the year,Total,Number,Total,Luxembourg,2013,21098,
ESTAT:TPS00176(1.0),29/11/24 11:00:00,Annual,Total,Age reached during the year,Total,Number,Total,Luxembourg,2014,22332,
ESTAT:TPS00176(1.0),29/11/24 11:00:00,Annual,Total,Age reached during the year,Total,Number,Total,Luxembourg,2015,23803,
ESTAT:TPS00176(1.0),29/11/24 11:00:00,Annual,Total,Age reached during the year,Total,Number,Total,Luxembourg,2016,22888,
ESTAT:TPS00176(1.0),29/11/24 11:00:00,Annual,Total,Age reached during the year,Total,Number,Total,Luxembourg,2017,24379,
ESTAT:TPS00176(1.0),29/11/24 11:00:00,Annual,Total,Age reached during the year,Total,Number,Total,Luxembourg,2018,24644,
ESTAT:TPS00176(1.0),29/11/24 11:00:00,Annual,Total,Age reached during the year,Total,Number,Total,Luxembourg,2019,26668,
ESTAT:TPS00176(1.0),29/11/24 11:00:00,Annual,Total,Age reached during the year,Total,Number,Total,Luxembourg,2020,22490,
ESTAT:TPS00176(1.0),29/11/24 11:00:00,Annual,Total,Age reached during the year,Total,Number,Total,Luxembourg,2021,25335,
ESTAT:TPS00176(1.0),29/11/24 11:00:00,Annual,Total,Age reached during the year,Total,Number,Total,Luxembourg,2022,31433,
ESTAT:TPS00176(1.0),29/11/24 11:00:00,Annual,Total,Age reached during the year,Total,Number,Total,Latvia,2011,10234,
ESTAT:TPS00176(1.0),29/11/24 11:00:00,Annual,Total,Age reached during the year,Total,Number,Total,Latvia,2012,13303,
ESTAT:TPS00176(1.0),29/11/24 11:00:00,Annual,Total,Age reached during the year,Total,Number,Total,Latvia,2013,8299,
ESTAT:TPS00176(1.0),29/11/24 11:00:00,Annual,Total,Age reached during the year,Total,Number,Total,Latvia,2014,10365,
ESTAT:TPS00176(1.0),29/11/24 11:00:00,Annual,Total,Age reached during the year,Total,Number,Total,Latvia,2015,9479,
ESTAT:TPS00176(1.0),29/11/24 11:00:00,Annual,Total,Age reached during the year,Total,Number,Total,Latvia,2016,8345,
ESTAT:TPS00176(1.0),29/11/24 11:00:00,Annual,Total,Age reached during the year,Total,Number,Total,Latvia,2017,9916,
ESTAT:TPS00176(1.0),29/11/24 11:00:00,Annual,Total,Age reached during the year,Total,Number,Total,Latvia,2018,10909,
ESTAT:TPS00176(1.0),29/11/24 11:00:00,Annual,Total,Age reached during the year,Total,Number,Total,Latvia,2019,11223,
ESTAT:TPS00176(1.0),29/11/24 11:00:00,Annual,Total,Age reached during the year,Total,Number,Total,Latvia,2020,8840,
ESTAT:TPS00176(1.0),29/11/24 11:00:00,Annual,Total,Age reached during the year,Total,Number,Total,Latvia,2021,12689,
ESTAT:TPS00176(1.0),29/11/24 11:00:00,Annual,Total,Age reached during the year,Total,Number,Total,Latvia,2022,38708,
ESTAT:TPS00176(1.0),29/11/24 11:00:00,Annual,Total,Age reached during the year,Total,Number,Total,Moldova,2014,98731,
ESTAT:TPS00176(1.0),29/11/24 11:00:00,Annual,Total,Age reached during the year,Total,Number,Total,Moldova,2015,105834,
ESTAT:TPS00176(1.0),29/11/24 11:00:00,Annual,Total,Age reached during the year,Total,Number,Total,Moldova,2016,107303,
ESTAT:TPS00176(1.0),29/11/24 11:00:00,Annual,Total,Age reached during the year,Total,Number,Total,Moldova,2017,107580,
ESTAT:TPS00176(1.0),29/11/24 11:00:00,Annual,Total,Age reached during the year,Total,Number,Total,Moldova,2018,116739,
ESTAT:TPS00176(1.0),29/11/24 11:00:00,Annual,Total,Age reached during the year,Total,Number,Total,Moldova,2019,116196,
ESTAT:TPS00176(1.0),29/11/24 11:00:00,Annual,Total,Age reached during the year,Total,Number,Total,Moldova,2020,65167,
ESTAT:TPS00176(1.0),29/11/24 11:00:00,Annual,Total,Age reached during the year,Total,Number,Total,Moldova,2021,68356,
ESTAT:TPS00176(1.0),29/11/24 11:00:00,Annual,Total,Age reached during the year,Total,Number,Total,Moldova,2022,177875,
ESTAT:TPS00176(1.0),29/11/24 11:00:00,Annual,Total,Age reached during the year,Total,Number,Total,Montenegro,2011,6025,
ESTAT:TPS00176(1.0),29/11/24 11:00:00,Annual,Total,Age reached during the year,Total,Number,Total,Montenegro,2012,5727,
ESTAT:TPS00176(1.0),29/11/24 11:00:00,Annual,Total,Age reached during the year,Total,Number,Total,Montenegro,2013,5112,
ESTAT:TPS00176(1.0),29/11/24 11:00:00,Annual,Total,Age reached during the year,Total,Number,Total,Montenegro,2014,5353,
ESTAT:TPS00176(1.0),29/11/24 11:00:00,Annual,Total,Age reached during the year,Total,Number,Total,Montenegro,2015,4553,
ESTAT:TPS00176(1.0),29/11/24 11:00:00,Annual,Total,Age reached during the year,Total,Number,Total,Montenegro,2016,4904,
ESTAT:TPS00176(1.0),29/11/24 11:00:00,Annual,Total,Age reached during the year,Total,Number,Total,Montenegro,2017,6684,
ESTAT:TPS00176(1.0),29/11/24 11:00:00,Annual,Total,Age reached during the year,Total,Number,Total,Montenegro,2018,8643,
ESTAT:TPS00176(1.0),29/11/24 11:00:00,Annual,Total,Age reached during the year,Total,Number,Total,Montenegro,2019,10737,
ESTAT:TPS00176(1.0),29/11/24 11:00:00,Annual,Total,Age reached during the year,Total,Number,Total,Montenegro,2020,6008,
ESTAT:TPS00176(1.0),29/11/24 11:00:00,Annual,Total,Age reached during the year,Total,Number,Total,Montenegro,2022,15989,
ESTAT:TPS00176(1.0),29/11/24 11:00:00,Annual,Total,Age reached during the year,Total,Number,Total,North Macedonia,2011,1464,
ESTAT:TPS00176(1.0),29/11/24 11:00:00,Annual,Total,Age reached during the year,Total,Number,Total,North Macedonia,2012,1715,
ESTAT:TPS00176(1.0),29/11/24 11:00:00,Annual,Total,Age reached during the year,Total,Number,Total,North Macedonia,2013,2050,
ESTAT:TPS00176(1.0),29/11/24 11:00:00,Annual,Total,Age reached during the year,Total,Number,Total,North Macedonia,2014,1935,
ESTAT:TPS00176(1.0),29/11/24 11:00:00,Annual,Total,Age reached during the year,Total,Number,Total,North Macedonia,2015,1741,
ESTAT:TPS00176(1.0),29/11/24 11:00:00,Annual,Total,Age reached during the year,Total,Number,Total,North Macedonia,2016,2262,
ESTAT:TPS00176(1.0),29/11/24 11:00:00,Annual,Total,Age reached during the year,Total,Number,Total,North Macedonia,2017,2064,
ESTAT:TPS00176(1.0),29/11/24 11:00:00,Annual,Total,Age reached during the year,Total,Number,Total,North Macedonia,2018,2053,
ESTAT:TPS00176(1.0),29/11/24 11:00:00,Annual,Total,Age reached during the year,Total,Number,Total,North Macedonia,2019,2118,
ESTAT:TPS00176(1.0),29/11/24 11:00:00,Annual,Total,Age reached during the year,Total,Number,Total,North Macedonia,2020,2555,
ESTAT:TPS00176(1.0),29/11/24 11:00:00,Annual,Total,Age reached during the year,Total,Number,Total,North Macedonia,2021,1570,
ESTAT:TPS00176(1.0),29/11/24 11:00:00,Annual,Total,Age reached during the year,Total,Number,Total,North Macedonia,2022,2452,
ESTAT:TPS00176(1.0),29/11/24 11:00:00,Annual,Total,Age reached during the year,Total,Number,Total,Malta,2011,5465,
ESTAT:TPS00176(1.0),29/11/24 11:00:00,Annual,Total,Age reached during the year,Total,Number,Total,Malta,2012,9152,
ESTAT:TPS00176(1.0),29/11/24 11:00:00,Annual,Total,Age reached during the year,Total,Number,Total,Malta,2013,12446,
ESTAT:TPS00176(1.0),29/11/24 11:00:00,Annual,Total,Age reached during the year,Total,Number,Total,Malta,2014,15928,
ESTAT:TPS00176(1.0),29/11/24 11:00:00,Annual,Total,Age reached during the year,Total,Number,Total,Malta,2015,18202,
ESTAT:TPS00176(1.0),29/11/24 11:00:00,Annual,Total,Age reached during the year,Total,Number,Total,Malta,2016,18116,
ESTAT:TPS00176(1.0),29/11/24 11:00:00,Annual,Total,Age reached during the year,Total,Number,Total,Malta,2017,22750,
ESTAT:TPS00176(1.0),29/11/24 11:00:00,Annual,Total,Age reached during the year,Total,Number,Total,Malta,2018,27394,
ESTAT:TPS00176(1.0),29/11/24 11:00:00,Annual,Total,Age reached during the year,Total,Number,Total,Malta,2019,29304,
ESTAT:TPS00176(1.0),29/11/24 11:00:00,Annual,Total,Age reached during the year,Total,Number,Total,Malta,2020,14751,
ESTAT:TPS00176(1.0),29/11/24 11:00:00,Annual,Total,Age reached during the year,Total,Number,Total,Malta,2021,16963,
ESTAT:TPS00176(1.0),29/11/24 11:00:00,Annual,Total,Age reached during the year,Total,Number,Total,Malta,2022,34964,
ESTAT:TPS00176(1.0),29/11/24 11:00:00,Annual,Total,Age reached during the year,Total,Number,Total,Netherlands,2011,130118,
ESTAT:TPS00176(1.0),29/11/24 11:00:00,Annual,Total,Age reached during the year,Total,Number,Total,Netherlands,2012,124566,
ESTAT:TPS00176(1.0),29/11/24 11:00:00,Annual,Total,Age reached during the year,Total,Number,Total,Netherlands,2013,129428,
ESTAT:TPS00176(1.0),29/11/24 11:00:00,Annual,Total,Age reached during the year,Total,Number,Total,Netherlands,2014,145323,
ESTAT:TPS00176(1.0),29/11/24 11:00:00,Annual,Total,Age reached during the year,Total,Number,Total,Netherlands,2015,166872,
ESTAT:TPS00176(1.0),29/11/24 11:00:00,Annual,Total,Age reached during the year,Total,Number,Total,Netherlands,2016,189232,
ESTAT:TPS00176(1.0),29/11/24 11:00:00,Annual,Total,Age reached during the year,Total,Number,Total,Netherlands,2017,189646,
ESTAT:TPS00176(1.0),29/11/24 11:00:00,Annual,Total,Age reached during the year,Total,Number,Total,Netherlands,2018,194306,
ESTAT:TPS00176(1.0),29/11/24 11:00:00,Annual,Total,Age reached during the year,Total,Number,Total,Netherlands,2019,215756,
ESTAT:TPS00176(1.0),29/11/24 11:00:00,Annual,Total,Age reached during the year,Total,Number,Total,Netherlands,2020,182244,
ESTAT:TPS00176(1.0),29/11/24 11:00:00,Annual,Total,Age reached during the year,Total,Number,Total,Netherlands,2021,214105,
ESTAT:TPS00176(1.0),29/11/24 11:00:00,Annual,Total,Age reached during the year,Total,Number,Total,Netherlands,2022,326798,
ESTAT:TPS00176(1.0),29/11/24 11:00:00,Annual,Total,Age reached during the year,Total,Number,Total,Norway,2011,70337,
ESTAT:TPS00176(1.0),29/11/24 11:00:00,Annual,Total,Age reached during the year,Total,Number,Total,Norway,2012,69908,
ESTAT:TPS00176(1.0),29/11/24 11:00:00,Annual,Total,Age reached during the year,Total,Number,Total,Norway,2013,68313,
ESTAT:TPS00176(1.0),29/11/24 11:00:00,Annual,Total,Age reached during the year,Total,Number,Total,Norway,2014,66903,
ESTAT:TPS00176(1.0),29/11/24 11:00:00,Annual,Total,Age reached during the year,Total,Number,Total,Norway,2015,60816,
ESTAT:TPS00176(1.0),29/11/24 11:00:00,Annual,Total,Age reached during the year,Total,Number,Total,Norway,2016,61460,
ESTAT:TPS00176(1.0),29/11/24 11:00:00,Annual,Total,Age reached during the year,Total,Number,Total,Norway,2017,53351,
ESTAT:TPS00176(1.0),29/11/24 11:00:00,Annual,Total,Age reached during the year,Total,Number,Total,Norway,2018,47864,
ESTAT:TPS00176(1.0),29/11/24 11:00:00,Annual,Total,Age reached during the year,Total,Number,Total,Norway,2019,48680,
ESTAT:TPS00176(1.0),29/11/24 11:00:00,Annual,Total,Age reached during the year,Total,Number,Total,Norway,2020,36287,
ESTAT:TPS00176(1.0),29/11/24 11:00:00,Annual,Total,Age reached during the year,Total,Number,Total,Norway,2021,53947,
ESTAT:TPS00176(1.0),29/11/24 11:00:00,Annual,Total,Age reached during the year,Total,Number,Total,Norway,2022,90475,
ESTAT:TPS00176(1.0),29/11/24 11:00:00,Annual,Total,Age reached during the year,Total,Number,Total,Poland,2011,157059,
ESTAT:TPS00176(1.0),29/11/24 11:00:00,Annual,Total,Age reached during the year,Total,Number,Total,Poland,2012,217546,
ESTAT:TPS00176(1.0),29/11/24 11:00:00,Annual,Total,Age reached during the year,Total,Number,Total,Poland,2013,220311,
ESTAT:TPS00176(1.0),29/11/24 11:00:00,Annual,Total,Age reached during the year,Total,Number,Total,Poland,2014,222275,p
ESTAT:TPS00176(1.0),29/11/24 11:00:00,Annual,Total,Age reached during the year,Total,Number,Total,Poland,2015,218147,p
ESTAT:TPS00176(1.0),29/11/24 11:00:00,Annual,Total,Age reached during the year,Total,Number,Total,Poland,2016,208302,ep
ESTAT:TPS00176(1.0),29/11/24 11:00:00,Annual,Total,Age reached during the year,Total,Number,Total,Poland,2017,209353,ep
ESTAT:TPS00176(1.0),29/11/24 11:00:00,Annual,Total,Age reached during the year,Total,Number,Total,Poland,2018,214083,ep
ESTAT:TPS00176(1.0),29/11/24 11:00:00,Annual,Total,Age reached during the year,Total,Number,Total,Poland,2019,226649,ep
ESTAT:TPS00176(1.0),29/11/24 11:00:00,Annual,Total,Age reached during the year,Total,Number,Total,Poland,2020,210615,ep
ESTAT:TPS00176(1.0),29/11/24 11:00:00,Annual,Total,Age reached during the year,Total,Number,Total,Poland,2021,241116,
ESTAT:TPS00176(1.0),29/11/24 11:00:00,Annual,Total,Age reached during the year,Total,Number,Total,Poland,2022,275515,p
ESTAT:TPS00176(1.0),29/11/24 11:00:00,Annual,Total,Age reached during the year,Total,Number,Total,Portugal,2011,18820,
ESTAT:TPS00176(1.0),29/11/24 11:00:00,Annual,Total,Age reached during the year,Total,Number,Total,Portugal,2012,14668,
ESTAT:TPS00176(1.0),29/11/24 11:00:00,Annual,Total,Age reached during the year,Total,Number,Total,Portugal,2013,17757,
ESTAT:TPS00176(1.0),29/11/24 11:00:00,Annual,Total,Age reached during the year,Total,Number,Total,Portugal,2014,23077,
ESTAT:TPS00176(1.0),29/11/24 11:00:00,Annual,Total,Age reached during the year,Total,Number,Total,Portugal,2015,36849,
ESTAT:TPS00176(1.0),29/11/24 11:00:00,Annual,Total,Age reached during the year,Total,Number,Total,Portugal,2016,37644,
ESTAT:TPS00176(1.0),29/11/24 11:00:00,Annual,Total,Age reached during the year,Total,Number,Total,Portugal,2017,46649,
ESTAT:TPS00176(1.0),29/11/24 11:00:00,Annual,Total,Age reached during the year,Total,Number,Total,Portugal,2018,55357,
ESTAT:TPS00176(1.0),29/11/24 11:00:00,Annual,Total,Age reached during the year,Total,Number,Total,Portugal,2019,95382,
ESTAT:TPS00176(1.0),29/11/24 11:00:00,Annual,Total,Age reached during the year,Total,Number,Total,Portugal,2020,83654,
ESTAT:TPS00176(1.0),29/11/24 11:00:00,Annual,Total,Age reached during the year,Total,Number,Total,Portugal,2021,97119,
ESTAT:TPS00176(1.0),29/11/24 11:00:00,Annual,Total,Age reached during the year,Total,Number,Total,Portugal,2022,167098,
ESTAT:TPS00176(1.0),29/11/24 11:00:00,Annual,Total,Age reached during the year,Total,Number,Total,Romania,2011,147685,
ESTAT:TPS00176(1.0),29/11/24 11:00:00,Annual,Total,Age reached during the year,Total,Number,Total,Romania,2012,167266,
ESTAT:TPS00176(1.0),29/11/24 11:00:00,Annual,Total,Age reached during the year,Total,Number,Total,Romania,2013,153646,
ESTAT:TPS00176(1.0),29/11/24 11:00:00,Annual,Total,Age reached during the year,Total,Number,Total,Romania,2014,136035,
ESTAT:TPS00176(1.0),29/11/24 11:00:00,Annual,Total,Age reached during the year,Total,Number,Total,Romania,2015,132795,e
ESTAT:TPS00176(1.0),29/11/24 11:00:00,Annual,Total,Age reached during the year,Total,Number,Total,Romania,2016,137455,
ESTAT:TPS00176(1.0),29/11/24 11:00:00,Annual,Total,Age reached during the year,Total,Number,Total,Romania,2017,177435,e
ESTAT:TPS00176(1.0),29/11/24 11:00:00,Annual,Total,Age reached during the year,Total,Number,Total,Romania,2018,172578,e
ESTAT:TPS00176(1.0),29/11/24 11:00:00,Annual,Total,Age reached during the year,Total,Number,Total,Romania,2019,202422,e
ESTAT:TPS00176(1.0),29/11/24 11:00:00,Annual,Total,Age reached during the year,Total,Number,Total,Romania,2020,145519,e
ESTAT:TPS00176(1.0),29/11/24 11:00:00,Annual,Total,Age reached during the year,Total,Number,Total,Romania,2021,194642,
ESTAT:TPS00176(1.0),29/11/24 11:00:00,Annual,Total,Age reached during the year,Total,Number,Total,Romania,2022,293024,e
ESTAT:TPS00176(1.0),29/11/24 11:00:00,Annual,Total,Age reached during the year,Total,Number,Total,Sweden,2011,96467,
ESTAT:TPS00176(1.0),29/11/24 11:00:00,Annual,Total,Age reached during the year,Total,Number,Total,Sweden,2012,103059,
ESTAT:TPS00176(1.0),29/11/24 11:00:00,Annual,Total,Age reached during the year,Total,Number,Total,Sweden,2013,115845,
ESTAT:TPS00176(1.0),29/11/24 11:00:00,Annual,Total,Age reached during the year,Total,Number,Total,Sweden,2014,126966,
ESTAT:TPS00176(1.0),29/11/24 11:00:00,Annual,Total,Age reached during the year,Total,Number,Total,Sweden,2015,134240,
ESTAT:TPS00176(1.0),29/11/24 11:00:00,Annual,Total,Age reached during the year,Total,Number,Total,Sweden,2016,163005,
ESTAT:TPS00176(1.0),29/11/24 11:00:00,Annual,Total,Age reached during the year,Total,Number,Total,Sweden,2017,144489,
ESTAT:TPS00176(1.0),29/11/24 11:00:00,Annual,Total,Age reached during the year,Total,Number,Total,Sweden,2018,132602,
ESTAT:TPS00176(1.0),29/11/24 11:00:00,Annual,Total,Age reached during the year,Total,Number,Total,Sweden,2019,115805,
ESTAT:TPS00176(1.0),29/11/24 11:00:00,Annual,Total,Age reached during the year,Total,Number,Total,Sweden,2020,82518,
ESTAT:TPS00176(1.0),29/11/24 11:00:00,Annual,Total,Age reached during the year,Total,Number,Total,Sweden,2021,90631,
ESTAT:TPS00176(1.0),29/11/24 11:00:00,Annual,Total,Age reached during the year,Total,Number,Total,Sweden,2022,102436,
ESTAT:TPS00176(1.0),29/11/24 11:00:00,Annual,Total,Age reached during the year,Total,Number,Total,Slovenia,2011,14083,
ESTAT:TPS00176(1.0),29/11/24 11:00:00,Annual,Total,Age reached during the year,Total,Number,Total,Slovenia,2012,15022,
ESTAT:TPS00176(1.0),29/11/24 11:00:00,Annual,Total,Age reached during the year,Total,Number,Total,Slovenia,2013,13871,
ESTAT:TPS00176(1.0),29/11/24 11:00:00,Annual,Total,Age reached during the year,Total,Number,Total,Slovenia,2014,13846,
ESTAT:TPS00176(1.0),29/11/24 11:00:00,Annual,Total,Age reached during the year,Total,Number,Total,Slovenia,2015,15420,
ESTAT:TPS00176(1.0),29/11/24 11:00:00,Annual,Total,Age reached during the year,Total,Number,Total,Slovenia,2016,16623,
ESTAT:TPS00176(1.0),29/11/24 11:00:00,Annual,Total,Age reached during the year,Total,Number,Total,Slovenia,2017,18808,
ESTAT:TPS00176(1.0),29/11/24 11:00:00,Annual,Total,Age reached during the year,Total,Number,Total,Slovenia,2018,28455,
ESTAT:TPS00176(1.0),29/11/24 11:00:00,Annual,Total,Age reached during the year,Total,Number,Total,Slovenia,2019,31319,
ESTAT:TPS00176(1.0),29/11/24 11:00:00,Annual,Total,Age reached during the year,Total,Number,Total,Slovenia,2020,36110,
ESTAT:TPS00176(1.0),29/11/24 11:00:00,Annual,Total,Age reached during the year,Total,Number,Total,Slovenia,2021,23624,
ESTAT:TPS00176(1.0),29/11/24 11:00:00,Annual,Total,Age reached during the year,Total,Number,Total,Slovenia,2022,35613,
ESTAT:TPS00176(1.0),29/11/24 11:00:00,Annual,Total,Age reached during the year,Total,Number,Total,Slovakia,2011,4829,
ESTAT:TPS00176(1.0),29/11/24 11:00:00,Annual,Total,Age reached during the year,Total,Number,Total,Slovakia,2012,5419,p
ESTAT:TPS00176(1.0),29/11/24 11:00:00,Annual,Total,Age reached during the year,Total,Number,Total,Slovakia,2013,5149,p
ESTAT:TPS00176(1.0),29/11/24 11:00:00,Annual,Total,Age reached during the year,Total,Number,Total,Slovakia,2014,5357,p
ESTAT:TPS00176(1.0),29/11/24 11:00:00,Annual,Total,Age reached during the year,Total,Number,Total,Slovakia,2015,6997,p
ESTAT:TPS00176(1.0),29/11/24 11:00:00,Annual,Total,Age reached during the year,Total,Number,Total,Slovakia,2016,7686,p
ESTAT:TPS00176(1.0),29/11/24 11:00:00,Annual,Total,Age reached during the year,Total,Number,Total,Slovakia,2017,7188,p
ESTAT:TPS00176(1.0),29/11/24 11:00:00,Annual,Total,Age reached during the year,Total,Number,Total,Slovakia,2018,7253,p
ESTAT:TPS00176(1.0),29/11/24 11:00:00,Annual,Total,Age reached during the year,Total,Number,Total,Slovakia,2019,7016,p
ESTAT:TPS00176(1.0),29/11/24 11:00:00,Annual,Total,Age reached during the year,Total,Number,Total,Slovakia,2020,6775,p
ESTAT:TPS00176(1.0),29/11/24 11:00:00,Annual,Total,Age reached during the year,Total,Number,Total,Slovakia,2021,5733,
ESTAT:TPS00176(1.0),29/11/24 11:00:00,Annual,Total,Age reached during the year,Total,Number,Total,Slovakia,2022,5463,
ESTAT:TPS00176(1.0),29/11/24 11:00:00,Annual,Total,Age reached during the year,Total,Number,Total,Trkiye,2022,494052,
ESTAT:TPS00176(1.0),29/11/24 11:00:00,Annual,Total,Age reached during the year,Total,Number,Total,United Kingdom,2011,566044,
ESTAT:TPS00176(1.0),29/11/24 11:00:00,Annual,Total,Age reached during the year,Total,Number,Total,United Kingdom,2012,498040,
ESTAT:TPS00176(1.0),29/11/24 11:00:00,Annual,Total,Age reached during the year,Total,Number,Total,United Kingdom,2013,526046,
ESTAT:TPS00176(1.0),29/11/24 11:00:00,Annual,Total,Age reached during the year,Total,Number,Total,United Kingdom,2014,631991,
ESTAT:TPS00176(1.0),29/11/24 11:00:00,Annual,Total,Age reached during the year,Total,Number,Total,United Kingdom,2015,631452,
ESTAT:TPS00176(1.0),29/11/24 11:00:00,Annual,Total,Age reached during the year,Total,Number,Total,United Kingdom,2016,588993,
ESTAT:TPS00176(1.0),29/11/24 11:00:00,Annual,Total,Age reached during the year,Total,Number,Total,United Kingdom,2017,644209,
ESTAT:TPS00176(1.0),29/11/24 11:00:00,Annual,Total,Age reached during the year,Total,Number,Total,United Kingdom,2018,603953,p
ESTAT:TPS00176(1.0),29/11/24 11:00:00,Annual,Total,Age reached during the year,Total,Number,Total,United Kingdom,2019,680906,
