DATAFLOW,LAST UPDATE,freq,sex,citizen,age,unit,geo,TIME_PERIOD,Value,OBS_FLAG
ESTAT:ILC_PEPS05N(1.0),06/12/24 23:00:00,Annual,Total,Foreign country,18 years or over,Percentage,Albania,2017,,u
ESTAT:ILC_PEPS05N(1.0),06/12/24 23:00:00,Annual,Total,Foreign country,18 years or over,Percentage,Albania,2018,,u
ESTAT:ILC_PEPS05N(1.0),06/12/24 23:00:00,Annual,Total,Foreign country,18 years or over,Percentage,Albania,2019,,u
ESTAT:ILC_PEPS05N(1.0),06/12/24 23:00:00,Annual,Total,Foreign country,18 years or over,Percentage,Albania,2020,,u
ESTAT:ILC_PEPS05N(1.0),06/12/24 23:00:00,Annual,Total,Foreign country,18 years or over,Percentage,Albania,2021,"41,3",
ESTAT:ILC_PEPS05N(1.0),06/12/24 23:00:00,Annual,Total,Foreign country,18 years or over,Percentage,Austria,2015,"38,5",
ESTAT:ILC_PEPS05N(1.0),06/12/24 23:00:00,Annual,Total,Foreign country,18 years or over,Percentage,Austria,2016,"42,7",
ESTAT:ILC_PEPS05N(1.0),06/12/24 23:00:00,Annual,Total,Foreign country,18 years or over,Percentage,Austria,2017,"36,7",
ESTAT:ILC_PEPS05N(1.0),06/12/24 23:00:00,Annual,Total,Foreign country,18 years or over,Percentage,Austria,2018,"33,8",
ESTAT:ILC_PEPS05N(1.0),06/12/24 23:00:00,Annual,Total,Foreign country,18 years or over,Percentage,Austria,2019,"33,6",
ESTAT:ILC_PEPS05N(1.0),06/12/24 23:00:00,Annual,Total,Foreign country,18 years or over,Percentage,Austria,2020,"36,1",
ESTAT:ILC_PEPS05N(1.0),06/12/24 23:00:00,Annual,Total,Foreign country,18 years or over,Percentage,Austria,2021,"35,1",
ESTAT:ILC_PEPS05N(1.0),06/12/24 23:00:00,Annual,Total,Foreign country,18 years or over,Percentage,Austria,2022,"35,2",
ESTAT:ILC_PEPS05N(1.0),06/12/24 23:00:00,Annual,Total,Foreign country,18 years or over,Percentage,Austria,2023,35,
ESTAT:ILC_PEPS05N(1.0),06/12/24 23:00:00,Annual,Total,Foreign country,18 years or over,Percentage,Belgium,2015,"42,1",
ESTAT:ILC_PEPS05N(1.0),06/12/24 23:00:00,Annual,Total,Foreign country,18 years or over,Percentage,Belgium,2016,"40,9",
ESTAT:ILC_PEPS05N(1.0),06/12/24 23:00:00,Annual,Total,Foreign country,18 years or over,Percentage,Belgium,2017,"41,6",
ESTAT:ILC_PEPS05N(1.0),06/12/24 23:00:00,Annual,Total,Foreign country,18 years or over,Percentage,Belgium,2018,38,
ESTAT:ILC_PEPS05N(1.0),06/12/24 23:00:00,Annual,Total,Foreign country,18 years or over,Percentage,Belgium,2019,"34,6",b
ESTAT:ILC_PEPS05N(1.0),06/12/24 23:00:00,Annual,Total,Foreign country,18 years or over,Percentage,Belgium,2020,"38,4",
ESTAT:ILC_PEPS05N(1.0),06/12/24 23:00:00,Annual,Total,Foreign country,18 years or over,Percentage,Belgium,2021,"35,8",
ESTAT:ILC_PEPS05N(1.0),06/12/24 23:00:00,Annual,Total,Foreign country,18 years or over,Percentage,Belgium,2022,33,
ESTAT:ILC_PEPS05N(1.0),06/12/24 23:00:00,Annual,Total,Foreign country,18 years or over,Percentage,Belgium,2023,35,
ESTAT:ILC_PEPS05N(1.0),06/12/24 23:00:00,Annual,Total,Foreign country,18 years or over,Percentage,Bulgaria,2015,"45,3",u
ESTAT:ILC_PEPS05N(1.0),06/12/24 23:00:00,Annual,Total,Foreign country,18 years or over,Percentage,Bulgaria,2016,"37,9",b
ESTAT:ILC_PEPS05N(1.0),06/12/24 23:00:00,Annual,Total,Foreign country,18 years or over,Percentage,Bulgaria,2017,"44,6",
ESTAT:ILC_PEPS05N(1.0),06/12/24 23:00:00,Annual,Total,Foreign country,18 years or over,Percentage,Bulgaria,2018,"43,3",
ESTAT:ILC_PEPS05N(1.0),06/12/24 23:00:00,Annual,Total,Foreign country,18 years or over,Percentage,Bulgaria,2019,27,
ESTAT:ILC_PEPS05N(1.0),06/12/24 23:00:00,Annual,Total,Foreign country,18 years or over,Percentage,Bulgaria,2020,"32,9",
ESTAT:ILC_PEPS05N(1.0),06/12/24 23:00:00,Annual,Total,Foreign country,18 years or over,Percentage,Bulgaria,2021,"48,3",
ESTAT:ILC_PEPS05N(1.0),06/12/24 23:00:00,Annual,Total,Foreign country,18 years or over,Percentage,Bulgaria,2022,41,
ESTAT:ILC_PEPS05N(1.0),06/12/24 23:00:00,Annual,Total,Foreign country,18 years or over,Percentage,Bulgaria,2023,"26,3",u
ESTAT:ILC_PEPS05N(1.0),06/12/24 23:00:00,Annual,Total,Foreign country,18 years or over,Percentage,Switzerland,2014,"20,9",
ESTAT:ILC_PEPS05N(1.0),06/12/24 23:00:00,Annual,Total,Foreign country,18 years or over,Percentage,Switzerland,2015,"22,9",
ESTAT:ILC_PEPS05N(1.0),06/12/24 23:00:00,Annual,Total,Foreign country,18 years or over,Percentage,Switzerland,2016,"22,6",
ESTAT:ILC_PEPS05N(1.0),06/12/24 23:00:00,Annual,Total,Foreign country,18 years or over,Percentage,Switzerland,2017,"22,6",
ESTAT:ILC_PEPS05N(1.0),06/12/24 23:00:00,Annual,Total,Foreign country,18 years or over,Percentage,Switzerland,2018,"21,6",
ESTAT:ILC_PEPS05N(1.0),06/12/24 23:00:00,Annual,Total,Foreign country,18 years or over,Percentage,Switzerland,2019,"25,8",
ESTAT:ILC_PEPS05N(1.0),06/12/24 23:00:00,Annual,Total,Foreign country,18 years or over,Percentage,Switzerland,2020,"24,1",
ESTAT:ILC_PEPS05N(1.0),06/12/24 23:00:00,Annual,Total,Foreign country,18 years or over,Percentage,Switzerland,2021,"22,9",
ESTAT:ILC_PEPS05N(1.0),06/12/24 23:00:00,Annual,Total,Foreign country,18 years or over,Percentage,Switzerland,2022,"23,3",
ESTAT:ILC_PEPS05N(1.0),06/12/24 23:00:00,Annual,Total,Foreign country,18 years or over,Percentage,Switzerland,2023,"24,1",
ESTAT:ILC_PEPS05N(1.0),06/12/24 23:00:00,Annual,Total,Foreign country,18 years or over,Percentage,Cyprus,2015,37,
ESTAT:ILC_PEPS05N(1.0),06/12/24 23:00:00,Annual,Total,Foreign country,18 years or over,Percentage,Cyprus,2016,"34,4",
ESTAT:ILC_PEPS05N(1.0),06/12/24 23:00:00,Annual,Total,Foreign country,18 years or over,Percentage,Cyprus,2017,"34,2",
ESTAT:ILC_PEPS05N(1.0),06/12/24 23:00:00,Annual,Total,Foreign country,18 years or over,Percentage,Cyprus,2018,"30,8",
ESTAT:ILC_PEPS05N(1.0),06/12/24 23:00:00,Annual,Total,Foreign country,18 years or over,Percentage,Cyprus,2019,30,
ESTAT:ILC_PEPS05N(1.0),06/12/24 23:00:00,Annual,Total,Foreign country,18 years or over,Percentage,Cyprus,2020,32,
ESTAT:ILC_PEPS05N(1.0),06/12/24 23:00:00,Annual,Total,Foreign country,18 years or over,Percentage,Cyprus,2021,"32,5",
ESTAT:ILC_PEPS05N(1.0),06/12/24 23:00:00,Annual,Total,Foreign country,18 years or over,Percentage,Cyprus,2022,"33,2",
ESTAT:ILC_PEPS05N(1.0),06/12/24 23:00:00,Annual,Total,Foreign country,18 years or over,Percentage,Cyprus,2023,"33,6",
ESTAT:ILC_PEPS05N(1.0),06/12/24 23:00:00,Annual,Total,Foreign country,18 years or over,Percentage,Czechia,2015,"14,5",
ESTAT:ILC_PEPS05N(1.0),06/12/24 23:00:00,Annual,Total,Foreign country,18 years or over,Percentage,Czechia,2016,"15,7",
ESTAT:ILC_PEPS05N(1.0),06/12/24 23:00:00,Annual,Total,Foreign country,18 years or over,Percentage,Czechia,2017,15,
ESTAT:ILC_PEPS05N(1.0),06/12/24 23:00:00,Annual,Total,Foreign country,18 years or over,Percentage,Czechia,2018,"12,7",
ESTAT:ILC_PEPS05N(1.0),06/12/24 23:00:00,Annual,Total,Foreign country,18 years or over,Percentage,Czechia,2019,"9,5",
ESTAT:ILC_PEPS05N(1.0),06/12/24 23:00:00,Annual,Total,Foreign country,18 years or over,Percentage,Czechia,2020,"6,8",
ESTAT:ILC_PEPS05N(1.0),06/12/24 23:00:00,Annual,Total,Foreign country,18 years or over,Percentage,Czechia,2021,"12,8",
ESTAT:ILC_PEPS05N(1.0),06/12/24 23:00:00,Annual,Total,Foreign country,18 years or over,Percentage,Czechia,2022,"19,3",
ESTAT:ILC_PEPS05N(1.0),06/12/24 23:00:00,Annual,Total,Foreign country,18 years or over,Percentage,Czechia,2023,"22,6",
ESTAT:ILC_PEPS05N(1.0),06/12/24 23:00:00,Annual,Total,Foreign country,18 years or over,Percentage,Germany,2015,"29,8",
ESTAT:ILC_PEPS05N(1.0),06/12/24 23:00:00,Annual,Total,Foreign country,18 years or over,Percentage,Germany,2016,"29,6",
ESTAT:ILC_PEPS05N(1.0),06/12/24 23:00:00,Annual,Total,Foreign country,18 years or over,Percentage,Germany,2017,"28,1",
ESTAT:ILC_PEPS05N(1.0),06/12/24 23:00:00,Annual,Total,Foreign country,18 years or over,Percentage,Germany,2018,"21,8",
ESTAT:ILC_PEPS05N(1.0),06/12/24 23:00:00,Annual,Total,Foreign country,18 years or over,Percentage,Germany,2019,"20,1",
ESTAT:ILC_PEPS05N(1.0),06/12/24 23:00:00,Annual,Total,Foreign country,18 years or over,Percentage,Germany,2020,"36,2",b
ESTAT:ILC_PEPS05N(1.0),06/12/24 23:00:00,Annual,Total,Foreign country,18 years or over,Percentage,Germany,2021,"37,3",
ESTAT:ILC_PEPS05N(1.0),06/12/24 23:00:00,Annual,Total,Foreign country,18 years or over,Percentage,Germany,2022,37,
ESTAT:ILC_PEPS05N(1.0),06/12/24 23:00:00,Annual,Total,Foreign country,18 years or over,Percentage,Germany,2023,"38,3",
ESTAT:ILC_PEPS05N(1.0),06/12/24 23:00:00,Annual,Total,Foreign country,18 years or over,Percentage,Denmark,2015,"42,6",
ESTAT:ILC_PEPS05N(1.0),06/12/24 23:00:00,Annual,Total,Foreign country,18 years or over,Percentage,Denmark,2016,33,
ESTAT:ILC_PEPS05N(1.0),06/12/24 23:00:00,Annual,Total,Foreign country,18 years or over,Percentage,Denmark,2017,"36,4",
ESTAT:ILC_PEPS05N(1.0),06/12/24 23:00:00,Annual,Total,Foreign country,18 years or over,Percentage,Denmark,2018,"36,9",
ESTAT:ILC_PEPS05N(1.0),06/12/24 23:00:00,Annual,Total,Foreign country,18 years or over,Percentage,Denmark,2019,"31,2",
ESTAT:ILC_PEPS05N(1.0),06/12/24 23:00:00,Annual,Total,Foreign country,18 years or over,Percentage,Denmark,2020,"37,3",b
ESTAT:ILC_PEPS05N(1.0),06/12/24 23:00:00,Annual,Total,Foreign country,18 years or over,Percentage,Denmark,2021,"31,5",
ESTAT:ILC_PEPS05N(1.0),06/12/24 23:00:00,Annual,Total,Foreign country,18 years or over,Percentage,Denmark,2022,"29,5",
ESTAT:ILC_PEPS05N(1.0),06/12/24 23:00:00,Annual,Total,Foreign country,18 years or over,Percentage,Denmark,2023,"33,8",
ESTAT:ILC_PEPS05N(1.0),06/12/24 23:00:00,Annual,Total,Foreign country,18 years or over,Percentage,"Euro area (EA11-1999, EA12-2001, EA13-2007, EA15-2008, EA16-2009, EA17-2011, EA18-2014, EA19-2015, EA20-2023)",2015,"42,7",
ESTAT:ILC_PEPS05N(1.0),06/12/24 23:00:00,Annual,Total,Foreign country,18 years or over,Percentage,"Euro area (EA11-1999, EA12-2001, EA13-2007, EA15-2008, EA16-2009, EA17-2011, EA18-2014, EA19-2015, EA20-2023)",2016,"43,7",
ESTAT:ILC_PEPS05N(1.0),06/12/24 23:00:00,Annual,Total,Foreign country,18 years or over,Percentage,"Euro area (EA11-1999, EA12-2001, EA13-2007, EA15-2008, EA16-2009, EA17-2011, EA18-2014, EA19-2015, EA20-2023)",2017,"41,5",
ESTAT:ILC_PEPS05N(1.0),06/12/24 23:00:00,Annual,Total,Foreign country,18 years or over,Percentage,"Euro area (EA11-1999, EA12-2001, EA13-2007, EA15-2008, EA16-2009, EA17-2011, EA18-2014, EA19-2015, EA20-2023)",2018,"38,9",
ESTAT:ILC_PEPS05N(1.0),06/12/24 23:00:00,Annual,Total,Foreign country,18 years or over,Percentage,"Euro area (EA11-1999, EA12-2001, EA13-2007, EA15-2008, EA16-2009, EA17-2011, EA18-2014, EA19-2015, EA20-2023)",2019,"38,4",
ESTAT:ILC_PEPS05N(1.0),06/12/24 23:00:00,Annual,Total,Foreign country,18 years or over,Percentage,"Euro area (EA11-1999, EA12-2001, EA13-2007, EA15-2008, EA16-2009, EA17-2011, EA18-2014, EA19-2015, EA20-2023)",2020,"41,5",b
ESTAT:ILC_PEPS05N(1.0),06/12/24 23:00:00,Annual,Total,Foreign country,18 years or over,Percentage,"Euro area (EA11-1999, EA12-2001, EA13-2007, EA15-2008, EA16-2009, EA17-2011, EA18-2014, EA19-2015, EA20-2023)",2021,"41,3",
ESTAT:ILC_PEPS05N(1.0),06/12/24 23:00:00,Annual,Total,Foreign country,18 years or over,Percentage,Euro area - 18 countries (2014),2015,"42,7",
ESTAT:ILC_PEPS05N(1.0),06/12/24 23:00:00,Annual,Total,Foreign country,18 years or over,Percentage,Euro area - 18 countries (2014),2016,"43,7",
ESTAT:ILC_PEPS05N(1.0),06/12/24 23:00:00,Annual,Total,Foreign country,18 years or over,Percentage,Euro area - 18 countries (2014),2017,"41,5",
ESTAT:ILC_PEPS05N(1.0),06/12/24 23:00:00,Annual,Total,Foreign country,18 years or over,Percentage,Euro area - 18 countries (2014),2018,"38,9",
ESTAT:ILC_PEPS05N(1.0),06/12/24 23:00:00,Annual,Total,Foreign country,18 years or over,Percentage,Euro area - 18 countries (2014),2019,"38,4",
ESTAT:ILC_PEPS05N(1.0),06/12/24 23:00:00,Annual,Total,Foreign country,18 years or over,Percentage,Euro area - 18 countries (2014),2020,"41,5",b
ESTAT:ILC_PEPS05N(1.0),06/12/24 23:00:00,Annual,Total,Foreign country,18 years or over,Percentage,Euro area - 19 countries  (2015-2022),2015,"42,7",
ESTAT:ILC_PEPS05N(1.0),06/12/24 23:00:00,Annual,Total,Foreign country,18 years or over,Percentage,Euro area - 19 countries  (2015-2022),2016,"43,7",
ESTAT:ILC_PEPS05N(1.0),06/12/24 23:00:00,Annual,Total,Foreign country,18 years or over,Percentage,Euro area - 19 countries  (2015-2022),2017,"41,5",
ESTAT:ILC_PEPS05N(1.0),06/12/24 23:00:00,Annual,Total,Foreign country,18 years or over,Percentage,Euro area - 19 countries  (2015-2022),2018,"38,9",
ESTAT:ILC_PEPS05N(1.0),06/12/24 23:00:00,Annual,Total,Foreign country,18 years or over,Percentage,Euro area - 19 countries  (2015-2022),2019,"38,4",
ESTAT:ILC_PEPS05N(1.0),06/12/24 23:00:00,Annual,Total,Foreign country,18 years or over,Percentage,Euro area - 19 countries  (2015-2022),2020,"41,5",b
ESTAT:ILC_PEPS05N(1.0),06/12/24 23:00:00,Annual,Total,Foreign country,18 years or over,Percentage,Euro area - 19 countries  (2015-2022),2021,"41,3",
ESTAT:ILC_PEPS05N(1.0),06/12/24 23:00:00,Annual,Total,Foreign country,18 years or over,Percentage,Euro area – 20 countries (from 2023),2021,"41,3",
ESTAT:ILC_PEPS05N(1.0),06/12/24 23:00:00,Annual,Total,Foreign country,18 years or over,Percentage,Euro area – 20 countries (from 2023),2022,"40,1",
ESTAT:ILC_PEPS05N(1.0),06/12/24 23:00:00,Annual,Total,Foreign country,18 years or over,Percentage,Euro area – 20 countries (from 2023),2023,"39,6",
ESTAT:ILC_PEPS05N(1.0),06/12/24 23:00:00,Annual,Total,Foreign country,18 years or over,Percentage,Estonia,2015,"33,8",
ESTAT:ILC_PEPS05N(1.0),06/12/24 23:00:00,Annual,Total,Foreign country,18 years or over,Percentage,Estonia,2016,"36,1",
ESTAT:ILC_PEPS05N(1.0),06/12/24 23:00:00,Annual,Total,Foreign country,18 years or over,Percentage,Estonia,2017,"36,3",
ESTAT:ILC_PEPS05N(1.0),06/12/24 23:00:00,Annual,Total,Foreign country,18 years or over,Percentage,Estonia,2018,"35,7",
ESTAT:ILC_PEPS05N(1.0),06/12/24 23:00:00,Annual,Total,Foreign country,18 years or over,Percentage,Estonia,2019,"35,4",
ESTAT:ILC_PEPS05N(1.0),06/12/24 23:00:00,Annual,Total,Foreign country,18 years or over,Percentage,Estonia,2020,31,
ESTAT:ILC_PEPS05N(1.0),06/12/24 23:00:00,Annual,Total,Foreign country,18 years or over,Percentage,Estonia,2021,"30,8",
ESTAT:ILC_PEPS05N(1.0),06/12/24 23:00:00,Annual,Total,Foreign country,18 years or over,Percentage,Estonia,2022,"37,4",
ESTAT:ILC_PEPS05N(1.0),06/12/24 23:00:00,Annual,Total,Foreign country,18 years or over,Percentage,Estonia,2023,"35,4",
ESTAT:ILC_PEPS05N(1.0),06/12/24 23:00:00,Annual,Total,Foreign country,18 years or over,Percentage,Greece,2015,"62,5",
ESTAT:ILC_PEPS05N(1.0),06/12/24 23:00:00,Annual,Total,Foreign country,18 years or over,Percentage,Greece,2016,"58,1",
ESTAT:ILC_PEPS05N(1.0),06/12/24 23:00:00,Annual,Total,Foreign country,18 years or over,Percentage,Greece,2017,"59,5",
ESTAT:ILC_PEPS05N(1.0),06/12/24 23:00:00,Annual,Total,Foreign country,18 years or over,Percentage,Greece,2018,"53,4",
ESTAT:ILC_PEPS05N(1.0),06/12/24 23:00:00,Annual,Total,Foreign country,18 years or over,Percentage,Greece,2019,"52,8",
ESTAT:ILC_PEPS05N(1.0),06/12/24 23:00:00,Annual,Total,Foreign country,18 years or over,Percentage,Greece,2020,"49,5",
ESTAT:ILC_PEPS05N(1.0),06/12/24 23:00:00,Annual,Total,Foreign country,18 years or over,Percentage,Greece,2021,"53,1",
ESTAT:ILC_PEPS05N(1.0),06/12/24 23:00:00,Annual,Total,Foreign country,18 years or over,Percentage,Greece,2022,"50,5",
ESTAT:ILC_PEPS05N(1.0),06/12/24 23:00:00,Annual,Total,Foreign country,18 years or over,Percentage,Greece,2023,"44,1",
ESTAT:ILC_PEPS05N(1.0),06/12/24 23:00:00,Annual,Total,Foreign country,18 years or over,Percentage,Spain,2015,52,
ESTAT:ILC_PEPS05N(1.0),06/12/24 23:00:00,Annual,Total,Foreign country,18 years or over,Percentage,Spain,2016,"54,9",
ESTAT:ILC_PEPS05N(1.0),06/12/24 23:00:00,Annual,Total,Foreign country,18 years or over,Percentage,Spain,2017,"52,5",
ESTAT:ILC_PEPS05N(1.0),06/12/24 23:00:00,Annual,Total,Foreign country,18 years or over,Percentage,Spain,2018,"53,7",
ESTAT:ILC_PEPS05N(1.0),06/12/24 23:00:00,Annual,Total,Foreign country,18 years or over,Percentage,Spain,2019,52,
ESTAT:ILC_PEPS05N(1.0),06/12/24 23:00:00,Annual,Total,Foreign country,18 years or over,Percentage,Spain,2020,"54,2",
ESTAT:ILC_PEPS05N(1.0),06/12/24 23:00:00,Annual,Total,Foreign country,18 years or over,Percentage,Spain,2021,"57,2",
ESTAT:ILC_PEPS05N(1.0),06/12/24 23:00:00,Annual,Total,Foreign country,18 years or over,Percentage,Spain,2022,"53,5",
ESTAT:ILC_PEPS05N(1.0),06/12/24 23:00:00,Annual,Total,Foreign country,18 years or over,Percentage,Spain,2023,"49,7",
ESTAT:ILC_PEPS05N(1.0),06/12/24 23:00:00,Annual,Total,Foreign country,18 years or over,Percentage,"European Union (EU6-1958, EU9-1973, EU10-1981, EU12-1986, EU15-1995, EU25-2004, EU27-2007, EU28-2013, EU27-2020)",2019,"38,2",
ESTAT:ILC_PEPS05N(1.0),06/12/24 23:00:00,Annual,Total,Foreign country,18 years or over,Percentage,European Union - 27 countries (2007-2013),2019,"36,1",
ESTAT:ILC_PEPS05N(1.0),06/12/24 23:00:00,Annual,Total,Foreign country,18 years or over,Percentage,European Union - 27 countries (from 2020),2015,"42,5",
ESTAT:ILC_PEPS05N(1.0),06/12/24 23:00:00,Annual,Total,Foreign country,18 years or over,Percentage,European Union - 27 countries (from 2020),2016,"43,3",
ESTAT:ILC_PEPS05N(1.0),06/12/24 23:00:00,Annual,Total,Foreign country,18 years or over,Percentage,European Union - 27 countries (from 2020),2017,"41,3",
ESTAT:ILC_PEPS05N(1.0),06/12/24 23:00:00,Annual,Total,Foreign country,18 years or over,Percentage,European Union - 27 countries (from 2020),2018,"38,8",
ESTAT:ILC_PEPS05N(1.0),06/12/24 23:00:00,Annual,Total,Foreign country,18 years or over,Percentage,European Union - 27 countries (from 2020),2019,"38,2",
ESTAT:ILC_PEPS05N(1.0),06/12/24 23:00:00,Annual,Total,Foreign country,18 years or over,Percentage,European Union - 27 countries (from 2020),2020,"41,1",b
ESTAT:ILC_PEPS05N(1.0),06/12/24 23:00:00,Annual,Total,Foreign country,18 years or over,Percentage,European Union - 27 countries (from 2020),2021,"40,4",
ESTAT:ILC_PEPS05N(1.0),06/12/24 23:00:00,Annual,Total,Foreign country,18 years or over,Percentage,European Union - 27 countries (from 2020),2022,"39,2",
ESTAT:ILC_PEPS05N(1.0),06/12/24 23:00:00,Annual,Total,Foreign country,18 years or over,Percentage,European Union - 27 countries (from 2020),2023,39,
ESTAT:ILC_PEPS05N(1.0),06/12/24 23:00:00,Annual,Total,Foreign country,18 years or over,Percentage,European Union - 28 countries (2013-2020),2019,"38,2",
ESTAT:ILC_PEPS05N(1.0),06/12/24 23:00:00,Annual,Total,Foreign country,18 years or over,Percentage,Finland,2015,"37,7",
ESTAT:ILC_PEPS05N(1.0),06/12/24 23:00:00,Annual,Total,Foreign country,18 years or over,Percentage,Finland,2016,"39,3",
ESTAT:ILC_PEPS05N(1.0),06/12/24 23:00:00,Annual,Total,Foreign country,18 years or over,Percentage,Finland,2017,"31,5",
ESTAT:ILC_PEPS05N(1.0),06/12/24 23:00:00,Annual,Total,Foreign country,18 years or over,Percentage,Finland,2018,"28,7",
ESTAT:ILC_PEPS05N(1.0),06/12/24 23:00:00,Annual,Total,Foreign country,18 years or over,Percentage,Finland,2019,"26,3",b
ESTAT:ILC_PEPS05N(1.0),06/12/24 23:00:00,Annual,Total,Foreign country,18 years or over,Percentage,Finland,2020,30,
ESTAT:ILC_PEPS05N(1.0),06/12/24 23:00:00,Annual,Total,Foreign country,18 years or over,Percentage,Finland,2021,"29,3",
ESTAT:ILC_PEPS05N(1.0),06/12/24 23:00:00,Annual,Total,Foreign country,18 years or over,Percentage,Finland,2022,"32,1",b
ESTAT:ILC_PEPS05N(1.0),06/12/24 23:00:00,Annual,Total,Foreign country,18 years or over,Percentage,Finland,2023,"30,3",
ESTAT:ILC_PEPS05N(1.0),06/12/24 23:00:00,Annual,Total,Foreign country,18 years or over,Percentage,France,2015,"40,8",
ESTAT:ILC_PEPS05N(1.0),06/12/24 23:00:00,Annual,Total,Foreign country,18 years or over,Percentage,France,2016,"43,5",
ESTAT:ILC_PEPS05N(1.0),06/12/24 23:00:00,Annual,Total,Foreign country,18 years or over,Percentage,France,2017,"39,9",
ESTAT:ILC_PEPS05N(1.0),06/12/24 23:00:00,Annual,Total,Foreign country,18 years or over,Percentage,France,2018,"40,4",
ESTAT:ILC_PEPS05N(1.0),06/12/24 23:00:00,Annual,Total,Foreign country,18 years or over,Percentage,France,2019,"47,3",
ESTAT:ILC_PEPS05N(1.0),06/12/24 23:00:00,Annual,Total,Foreign country,18 years or over,Percentage,France,2020,"47,2",b
ESTAT:ILC_PEPS05N(1.0),06/12/24 23:00:00,Annual,Total,Foreign country,18 years or over,Percentage,France,2021,"40,2",
ESTAT:ILC_PEPS05N(1.0),06/12/24 23:00:00,Annual,Total,Foreign country,18 years or over,Percentage,France,2022,44,b
ESTAT:ILC_PEPS05N(1.0),06/12/24 23:00:00,Annual,Total,Foreign country,18 years or over,Percentage,France,2023,"42,3",
ESTAT:ILC_PEPS05N(1.0),06/12/24 23:00:00,Annual,Total,Foreign country,18 years or over,Percentage,Croatia,2014,33,
ESTAT:ILC_PEPS05N(1.0),06/12/24 23:00:00,Annual,Total,Foreign country,18 years or over,Percentage,Croatia,2015,"31,9",
ESTAT:ILC_PEPS05N(1.0),06/12/24 23:00:00,Annual,Total,Foreign country,18 years or over,Percentage,Croatia,2016,"25,9",
ESTAT:ILC_PEPS05N(1.0),06/12/24 23:00:00,Annual,Total,Foreign country,18 years or over,Percentage,Croatia,2017,"42,7",
ESTAT:ILC_PEPS05N(1.0),06/12/24 23:00:00,Annual,Total,Foreign country,18 years or over,Percentage,Croatia,2018,44,
ESTAT:ILC_PEPS05N(1.0),06/12/24 23:00:00,Annual,Total,Foreign country,18 years or over,Percentage,Croatia,2019,33,
ESTAT:ILC_PEPS05N(1.0),06/12/24 23:00:00,Annual,Total,Foreign country,18 years or over,Percentage,Croatia,2020,"29,7",
ESTAT:ILC_PEPS05N(1.0),06/12/24 23:00:00,Annual,Total,Foreign country,18 years or over,Percentage,Croatia,2021,"22,4",
ESTAT:ILC_PEPS05N(1.0),06/12/24 23:00:00,Annual,Total,Foreign country,18 years or over,Percentage,Croatia,2022,"23,8",
ESTAT:ILC_PEPS05N(1.0),06/12/24 23:00:00,Annual,Total,Foreign country,18 years or over,Percentage,Croatia,2023,"23,3",b
ESTAT:ILC_PEPS05N(1.0),06/12/24 23:00:00,Annual,Total,Foreign country,18 years or over,Percentage,Hungary,2015,"41,8",u
ESTAT:ILC_PEPS05N(1.0),06/12/24 23:00:00,Annual,Total,Foreign country,18 years or over,Percentage,Hungary,2016,"34,5",u
ESTAT:ILC_PEPS05N(1.0),06/12/24 23:00:00,Annual,Total,Foreign country,18 years or over,Percentage,Hungary,2017,"26,9",
ESTAT:ILC_PEPS05N(1.0),06/12/24 23:00:00,Annual,Total,Foreign country,18 years or over,Percentage,Hungary,2018,"25,9",
ESTAT:ILC_PEPS05N(1.0),06/12/24 23:00:00,Annual,Total,Foreign country,18 years or over,Percentage,Hungary,2019,"8,4",u
ESTAT:ILC_PEPS05N(1.0),06/12/24 23:00:00,Annual,Total,Foreign country,18 years or over,Percentage,Hungary,2020,"28,4",u
ESTAT:ILC_PEPS05N(1.0),06/12/24 23:00:00,Annual,Total,Foreign country,18 years or over,Percentage,Hungary,2021,"30,2",u
ESTAT:ILC_PEPS05N(1.0),06/12/24 23:00:00,Annual,Total,Foreign country,18 years or over,Percentage,Hungary,2022,"12,5",u
ESTAT:ILC_PEPS05N(1.0),06/12/24 23:00:00,Annual,Total,Foreign country,18 years or over,Percentage,Hungary,2023,"9,7",u
ESTAT:ILC_PEPS05N(1.0),06/12/24 23:00:00,Annual,Total,Foreign country,18 years or over,Percentage,Ireland,2015,"28,1",
ESTAT:ILC_PEPS05N(1.0),06/12/24 23:00:00,Annual,Total,Foreign country,18 years or over,Percentage,Ireland,2016,"24,5",
ESTAT:ILC_PEPS05N(1.0),06/12/24 23:00:00,Annual,Total,Foreign country,18 years or over,Percentage,Ireland,2017,"22,4",
ESTAT:ILC_PEPS05N(1.0),06/12/24 23:00:00,Annual,Total,Foreign country,18 years or over,Percentage,Ireland,2018,"22,6",
ESTAT:ILC_PEPS05N(1.0),06/12/24 23:00:00,Annual,Total,Foreign country,18 years or over,Percentage,Ireland,2019,"25,3",b
ESTAT:ILC_PEPS05N(1.0),06/12/24 23:00:00,Annual,Total,Foreign country,18 years or over,Percentage,Ireland,2020,"21,3",b
ESTAT:ILC_PEPS05N(1.0),06/12/24 23:00:00,Annual,Total,Foreign country,18 years or over,Percentage,Ireland,2021,"21,2",
ESTAT:ILC_PEPS05N(1.0),06/12/24 23:00:00,Annual,Total,Foreign country,18 years or over,Percentage,Ireland,2022,"17,8",
ESTAT:ILC_PEPS05N(1.0),06/12/24 23:00:00,Annual,Total,Foreign country,18 years or over,Percentage,Ireland,2023,"18,7",
ESTAT:ILC_PEPS05N(1.0),06/12/24 23:00:00,Annual,Total,Foreign country,18 years or over,Percentage,Iceland,2015,"17,5",
ESTAT:ILC_PEPS05N(1.0),06/12/24 23:00:00,Annual,Total,Foreign country,18 years or over,Percentage,Iceland,2016,"22,6",
ESTAT:ILC_PEPS05N(1.0),06/12/24 23:00:00,Annual,Total,Foreign country,18 years or over,Percentage,Iceland,2017,"15,3",
ESTAT:ILC_PEPS05N(1.0),06/12/24 23:00:00,Annual,Total,Foreign country,18 years or over,Percentage,Iceland,2018,"15,4",
ESTAT:ILC_PEPS05N(1.0),06/12/24 23:00:00,Annual,Total,Foreign country,18 years or over,Percentage,Iceland,2019,"16,6",
ESTAT:ILC_PEPS05N(1.0),06/12/24 23:00:00,Annual,Total,Foreign country,18 years or over,Percentage,Italy,2015,"48,5",
ESTAT:ILC_PEPS05N(1.0),06/12/24 23:00:00,Annual,Total,Foreign country,18 years or over,Percentage,Italy,2016,"49,9",
ESTAT:ILC_PEPS05N(1.0),06/12/24 23:00:00,Annual,Total,Foreign country,18 years or over,Percentage,Italy,2017,"48,1",
ESTAT:ILC_PEPS05N(1.0),06/12/24 23:00:00,Annual,Total,Foreign country,18 years or over,Percentage,Italy,2018,"42,5",
ESTAT:ILC_PEPS05N(1.0),06/12/24 23:00:00,Annual,Total,Foreign country,18 years or over,Percentage,Italy,2019,"37,6",
ESTAT:ILC_PEPS05N(1.0),06/12/24 23:00:00,Annual,Total,Foreign country,18 years or over,Percentage,Italy,2020,"46,1",
ESTAT:ILC_PEPS05N(1.0),06/12/24 23:00:00,Annual,Total,Foreign country,18 years or over,Percentage,Italy,2021,"44,4",
ESTAT:ILC_PEPS05N(1.0),06/12/24 23:00:00,Annual,Total,Foreign country,18 years or over,Percentage,Italy,2022,"39,9",
ESTAT:ILC_PEPS05N(1.0),06/12/24 23:00:00,Annual,Total,Foreign country,18 years or over,Percentage,Italy,2023,"39,1",
ESTAT:ILC_PEPS05N(1.0),06/12/24 23:00:00,Annual,Total,Foreign country,18 years or over,Percentage,Lithuania,2015,"44,8",
ESTAT:ILC_PEPS05N(1.0),06/12/24 23:00:00,Annual,Total,Foreign country,18 years or over,Percentage,Lithuania,2016,"35,7",
ESTAT:ILC_PEPS05N(1.0),06/12/24 23:00:00,Annual,Total,Foreign country,18 years or over,Percentage,Lithuania,2017,"26,2",
ESTAT:ILC_PEPS05N(1.0),06/12/24 23:00:00,Annual,Total,Foreign country,18 years or over,Percentage,Lithuania,2018,"36,6",
ESTAT:ILC_PEPS05N(1.0),06/12/24 23:00:00,Annual,Total,Foreign country,18 years or over,Percentage,Lithuania,2019,"34,5",
ESTAT:ILC_PEPS05N(1.0),06/12/24 23:00:00,Annual,Total,Foreign country,18 years or over,Percentage,Lithuania,2020,"30,1",
ESTAT:ILC_PEPS05N(1.0),06/12/24 23:00:00,Annual,Total,Foreign country,18 years or over,Percentage,Lithuania,2021,"23,1",
ESTAT:ILC_PEPS05N(1.0),06/12/24 23:00:00,Annual,Total,Foreign country,18 years or over,Percentage,Lithuania,2022,"26,2",
ESTAT:ILC_PEPS05N(1.0),06/12/24 23:00:00,Annual,Total,Foreign country,18 years or over,Percentage,Lithuania,2023,"26,3",
ESTAT:ILC_PEPS05N(1.0),06/12/24 23:00:00,Annual,Total,Foreign country,18 years or over,Percentage,Luxembourg,2015,"24,8",
ESTAT:ILC_PEPS05N(1.0),06/12/24 23:00:00,Annual,Total,Foreign country,18 years or over,Percentage,Luxembourg,2016,"24,8",b
ESTAT:ILC_PEPS05N(1.0),06/12/24 23:00:00,Annual,Total,Foreign country,18 years or over,Percentage,Luxembourg,2017,"23,4",
ESTAT:ILC_PEPS05N(1.0),06/12/24 23:00:00,Annual,Total,Foreign country,18 years or over,Percentage,Luxembourg,2018,"24,8",
ESTAT:ILC_PEPS05N(1.0),06/12/24 23:00:00,Annual,Total,Foreign country,18 years or over,Percentage,Luxembourg,2019,"23,8",
ESTAT:ILC_PEPS05N(1.0),06/12/24 23:00:00,Annual,Total,Foreign country,18 years or over,Percentage,Luxembourg,2020,"25,1",b
ESTAT:ILC_PEPS05N(1.0),06/12/24 23:00:00,Annual,Total,Foreign country,18 years or over,Percentage,Luxembourg,2021,"25,2",b
ESTAT:ILC_PEPS05N(1.0),06/12/24 23:00:00,Annual,Total,Foreign country,18 years or over,Percentage,Luxembourg,2022,"22,9",b
ESTAT:ILC_PEPS05N(1.0),06/12/24 23:00:00,Annual,Total,Foreign country,18 years or over,Percentage,Luxembourg,2023,"26,6",
ESTAT:ILC_PEPS05N(1.0),06/12/24 23:00:00,Annual,Total,Foreign country,18 years or over,Percentage,Latvia,2015,"36,8",
ESTAT:ILC_PEPS05N(1.0),06/12/24 23:00:00,Annual,Total,Foreign country,18 years or over,Percentage,Latvia,2016,"38,3",
ESTAT:ILC_PEPS05N(1.0),06/12/24 23:00:00,Annual,Total,Foreign country,18 years or over,Percentage,Latvia,2017,"38,5",
ESTAT:ILC_PEPS05N(1.0),06/12/24 23:00:00,Annual,Total,Foreign country,18 years or over,Percentage,Latvia,2018,"37,8",
ESTAT:ILC_PEPS05N(1.0),06/12/24 23:00:00,Annual,Total,Foreign country,18 years or over,Percentage,Latvia,2019,"35,1",
ESTAT:ILC_PEPS05N(1.0),06/12/24 23:00:00,Annual,Total,Foreign country,18 years or over,Percentage,Latvia,2020,"32,4",
ESTAT:ILC_PEPS05N(1.0),06/12/24 23:00:00,Annual,Total,Foreign country,18 years or over,Percentage,Latvia,2021,"37,5",
ESTAT:ILC_PEPS05N(1.0),06/12/24 23:00:00,Annual,Total,Foreign country,18 years or over,Percentage,Latvia,2022,"35,1",
ESTAT:ILC_PEPS05N(1.0),06/12/24 23:00:00,Annual,Total,Foreign country,18 years or over,Percentage,Latvia,2023,"37,4",
ESTAT:ILC_PEPS05N(1.0),06/12/24 23:00:00,Annual,Total,Foreign country,18 years or over,Percentage,Montenegro,2015,"49,4",
ESTAT:ILC_PEPS05N(1.0),06/12/24 23:00:00,Annual,Total,Foreign country,18 years or over,Percentage,Montenegro,2016,"51,9",
ESTAT:ILC_PEPS05N(1.0),06/12/24 23:00:00,Annual,Total,Foreign country,18 years or over,Percentage,Montenegro,2017,"48,9",
ESTAT:ILC_PEPS05N(1.0),06/12/24 23:00:00,Annual,Total,Foreign country,18 years or over,Percentage,Montenegro,2018,"56,6",
ESTAT:ILC_PEPS05N(1.0),06/12/24 23:00:00,Annual,Total,Foreign country,18 years or over,Percentage,Montenegro,2019,"48,8",
ESTAT:ILC_PEPS05N(1.0),06/12/24 23:00:00,Annual,Total,Foreign country,18 years or over,Percentage,Montenegro,2020,"45,3",
ESTAT:ILC_PEPS05N(1.0),06/12/24 23:00:00,Annual,Total,Foreign country,18 years or over,Percentage,Montenegro,2021,"58,8",
ESTAT:ILC_PEPS05N(1.0),06/12/24 23:00:00,Annual,Total,Foreign country,18 years or over,Percentage,Montenegro,2022,"41,5",
ESTAT:ILC_PEPS05N(1.0),06/12/24 23:00:00,Annual,Total,Foreign country,18 years or over,Percentage,North Macedonia,2015,"63,3",u
ESTAT:ILC_PEPS05N(1.0),06/12/24 23:00:00,Annual,Total,Foreign country,18 years or over,Percentage,North Macedonia,2016,52,
ESTAT:ILC_PEPS05N(1.0),06/12/24 23:00:00,Annual,Total,Foreign country,18 years or over,Percentage,North Macedonia,2017,"64,5",
ESTAT:ILC_PEPS05N(1.0),06/12/24 23:00:00,Annual,Total,Foreign country,18 years or over,Percentage,North Macedonia,2018,"62,9",
ESTAT:ILC_PEPS05N(1.0),06/12/24 23:00:00,Annual,Total,Foreign country,18 years or over,Percentage,North Macedonia,2019,"41,6",
ESTAT:ILC_PEPS05N(1.0),06/12/24 23:00:00,Annual,Total,Foreign country,18 years or over,Percentage,North Macedonia,2020,"43,7",
ESTAT:ILC_PEPS05N(1.0),06/12/24 23:00:00,Annual,Total,Foreign country,18 years or over,Percentage,Malta,2015,"27,6",
ESTAT:ILC_PEPS05N(1.0),06/12/24 23:00:00,Annual,Total,Foreign country,18 years or over,Percentage,Malta,2016,"22,4",
ESTAT:ILC_PEPS05N(1.0),06/12/24 23:00:00,Annual,Total,Foreign country,18 years or over,Percentage,Malta,2017,28,
ESTAT:ILC_PEPS05N(1.0),06/12/24 23:00:00,Annual,Total,Foreign country,18 years or over,Percentage,Malta,2018,"24,9",
ESTAT:ILC_PEPS05N(1.0),06/12/24 23:00:00,Annual,Total,Foreign country,18 years or over,Percentage,Malta,2019,"26,2",
ESTAT:ILC_PEPS05N(1.0),06/12/24 23:00:00,Annual,Total,Foreign country,18 years or over,Percentage,Malta,2020,"24,4",
ESTAT:ILC_PEPS05N(1.0),06/12/24 23:00:00,Annual,Total,Foreign country,18 years or over,Percentage,Malta,2021,"27,1",
ESTAT:ILC_PEPS05N(1.0),06/12/24 23:00:00,Annual,Total,Foreign country,18 years or over,Percentage,Malta,2022,"27,4",
ESTAT:ILC_PEPS05N(1.0),06/12/24 23:00:00,Annual,Total,Foreign country,18 years or over,Percentage,Malta,2023,"27,3",b
ESTAT:ILC_PEPS05N(1.0),06/12/24 23:00:00,Annual,Total,Foreign country,18 years or over,Percentage,Netherlands,2015,22,
ESTAT:ILC_PEPS05N(1.0),06/12/24 23:00:00,Annual,Total,Foreign country,18 years or over,Percentage,Netherlands,2016,"35,3",b
ESTAT:ILC_PEPS05N(1.0),06/12/24 23:00:00,Annual,Total,Foreign country,18 years or over,Percentage,Netherlands,2017,27,
ESTAT:ILC_PEPS05N(1.0),06/12/24 23:00:00,Annual,Total,Foreign country,18 years or over,Percentage,Netherlands,2018,"29,9",
ESTAT:ILC_PEPS05N(1.0),06/12/24 23:00:00,Annual,Total,Foreign country,18 years or over,Percentage,Netherlands,2019,30,
ESTAT:ILC_PEPS05N(1.0),06/12/24 23:00:00,Annual,Total,Foreign country,18 years or over,Percentage,Netherlands,2020,"31,3",
ESTAT:ILC_PEPS05N(1.0),06/12/24 23:00:00,Annual,Total,Foreign country,18 years or over,Percentage,Netherlands,2021,"34,6",
ESTAT:ILC_PEPS05N(1.0),06/12/24 23:00:00,Annual,Total,Foreign country,18 years or over,Percentage,Netherlands,2022,"31,8",
ESTAT:ILC_PEPS05N(1.0),06/12/24 23:00:00,Annual,Total,Foreign country,18 years or over,Percentage,Netherlands,2023,"32,1",
ESTAT:ILC_PEPS05N(1.0),06/12/24 23:00:00,Annual,Total,Foreign country,18 years or over,Percentage,Norway,2015,"23,3",
ESTAT:ILC_PEPS05N(1.0),06/12/24 23:00:00,Annual,Total,Foreign country,18 years or over,Percentage,Norway,2016,"27,6",
ESTAT:ILC_PEPS05N(1.0),06/12/24 23:00:00,Annual,Total,Foreign country,18 years or over,Percentage,Norway,2017,"27,5",
ESTAT:ILC_PEPS05N(1.0),06/12/24 23:00:00,Annual,Total,Foreign country,18 years or over,Percentage,Norway,2018,"28,4",
ESTAT:ILC_PEPS05N(1.0),06/12/24 23:00:00,Annual,Total,Foreign country,18 years or over,Percentage,Norway,2019,"26,1",
ESTAT:ILC_PEPS05N(1.0),06/12/24 23:00:00,Annual,Total,Foreign country,18 years or over,Percentage,Norway,2020,24,
ESTAT:ILC_PEPS05N(1.0),06/12/24 23:00:00,Annual,Total,Foreign country,18 years or over,Percentage,Norway,2021,"25,7",b
ESTAT:ILC_PEPS05N(1.0),06/12/24 23:00:00,Annual,Total,Foreign country,18 years or over,Percentage,Norway,2022,"22,4",
ESTAT:ILC_PEPS05N(1.0),06/12/24 23:00:00,Annual,Total,Foreign country,18 years or over,Percentage,Norway,2023,"20,1",b
ESTAT:ILC_PEPS05N(1.0),06/12/24 23:00:00,Annual,Total,Foreign country,18 years or over,Percentage,Poland,2015,"13,3",u
ESTAT:ILC_PEPS05N(1.0),06/12/24 23:00:00,Annual,Total,Foreign country,18 years or over,Percentage,Poland,2016,"22,9",u
ESTAT:ILC_PEPS05N(1.0),06/12/24 23:00:00,Annual,Total,Foreign country,18 years or over,Percentage,Poland,2017,"35,5",
ESTAT:ILC_PEPS05N(1.0),06/12/24 23:00:00,Annual,Total,Foreign country,18 years or over,Percentage,Poland,2018,"14,3",
ESTAT:ILC_PEPS05N(1.0),06/12/24 23:00:00,Annual,Total,Foreign country,18 years or over,Percentage,Poland,2019,"16,8",
ESTAT:ILC_PEPS05N(1.0),06/12/24 23:00:00,Annual,Total,Foreign country,18 years or over,Percentage,Poland,2020,"19,2",
ESTAT:ILC_PEPS05N(1.0),06/12/24 23:00:00,Annual,Total,Foreign country,18 years or over,Percentage,Poland,2021,"9,6",
ESTAT:ILC_PEPS05N(1.0),06/12/24 23:00:00,Annual,Total,Foreign country,18 years or over,Percentage,Poland,2022,"11,1",
ESTAT:ILC_PEPS05N(1.0),06/12/24 23:00:00,Annual,Total,Foreign country,18 years or over,Percentage,Poland,2023,"10,2",
ESTAT:ILC_PEPS05N(1.0),06/12/24 23:00:00,Annual,Total,Foreign country,18 years or over,Percentage,Portugal,2015,"45,1",
ESTAT:ILC_PEPS05N(1.0),06/12/24 23:00:00,Annual,Total,Foreign country,18 years or over,Percentage,Portugal,2016,"40,6",
ESTAT:ILC_PEPS05N(1.0),06/12/24 23:00:00,Annual,Total,Foreign country,18 years or over,Percentage,Portugal,2017,"35,5",
ESTAT:ILC_PEPS05N(1.0),06/12/24 23:00:00,Annual,Total,Foreign country,18 years or over,Percentage,Portugal,2018,23,
ESTAT:ILC_PEPS05N(1.0),06/12/24 23:00:00,Annual,Total,Foreign country,18 years or over,Percentage,Portugal,2019,"27,1",
ESTAT:ILC_PEPS05N(1.0),06/12/24 23:00:00,Annual,Total,Foreign country,18 years or over,Percentage,Portugal,2020,"18,9",
ESTAT:ILC_PEPS05N(1.0),06/12/24 23:00:00,Annual,Total,Foreign country,18 years or over,Percentage,Portugal,2021,36,b
ESTAT:ILC_PEPS05N(1.0),06/12/24 23:00:00,Annual,Total,Foreign country,18 years or over,Percentage,Portugal,2022,"30,5",
ESTAT:ILC_PEPS05N(1.0),06/12/24 23:00:00,Annual,Total,Foreign country,18 years or over,Percentage,Portugal,2023,"26,6",
ESTAT:ILC_PEPS05N(1.0),06/12/24 23:00:00,Annual,Total,Foreign country,18 years or over,Percentage,Romania,2015,,u
ESTAT:ILC_PEPS05N(1.0),06/12/24 23:00:00,Annual,Total,Foreign country,18 years or over,Percentage,Romania,2016,,u
ESTAT:ILC_PEPS05N(1.0),06/12/24 23:00:00,Annual,Total,Foreign country,18 years or over,Percentage,Romania,2017,,u
ESTAT:ILC_PEPS05N(1.0),06/12/24 23:00:00,Annual,Total,Foreign country,18 years or over,Percentage,Romania,2018,,u
ESTAT:ILC_PEPS05N(1.0),06/12/24 23:00:00,Annual,Total,Foreign country,18 years or over,Percentage,Romania,2019,,u
ESTAT:ILC_PEPS05N(1.0),06/12/24 23:00:00,Annual,Total,Foreign country,18 years or over,Percentage,Romania,2020,,u
ESTAT:ILC_PEPS05N(1.0),06/12/24 23:00:00,Annual,Total,Foreign country,18 years or over,Percentage,Romania,2022,,u
ESTAT:ILC_PEPS05N(1.0),06/12/24 23:00:00,Annual,Total,Foreign country,18 years or over,Percentage,Romania,2023,,u
ESTAT:ILC_PEPS05N(1.0),06/12/24 23:00:00,Annual,Total,Foreign country,18 years or over,Percentage,Serbia,2015,"48,3",
ESTAT:ILC_PEPS05N(1.0),06/12/24 23:00:00,Annual,Total,Foreign country,18 years or over,Percentage,Serbia,2016,"23,9",
ESTAT:ILC_PEPS05N(1.0),06/12/24 23:00:00,Annual,Total,Foreign country,18 years or over,Percentage,Serbia,2017,"40,9",
ESTAT:ILC_PEPS05N(1.0),06/12/24 23:00:00,Annual,Total,Foreign country,18 years or over,Percentage,Serbia,2018,"31,6",
ESTAT:ILC_PEPS05N(1.0),06/12/24 23:00:00,Annual,Total,Foreign country,18 years or over,Percentage,Serbia,2019,"27,5",
ESTAT:ILC_PEPS05N(1.0),06/12/24 23:00:00,Annual,Total,Foreign country,18 years or over,Percentage,Serbia,2020,"36,7",
ESTAT:ILC_PEPS05N(1.0),06/12/24 23:00:00,Annual,Total,Foreign country,18 years or over,Percentage,Serbia,2021,"37,8",
ESTAT:ILC_PEPS05N(1.0),06/12/24 23:00:00,Annual,Total,Foreign country,18 years or over,Percentage,Serbia,2022,40,
ESTAT:ILC_PEPS05N(1.0),06/12/24 23:00:00,Annual,Total,Foreign country,18 years or over,Percentage,Sweden,2015,"48,3",
ESTAT:ILC_PEPS05N(1.0),06/12/24 23:00:00,Annual,Total,Foreign country,18 years or over,Percentage,Sweden,2016,"47,1",
ESTAT:ILC_PEPS05N(1.0),06/12/24 23:00:00,Annual,Total,Foreign country,18 years or over,Percentage,Sweden,2017,"46,5",
ESTAT:ILC_PEPS05N(1.0),06/12/24 23:00:00,Annual,Total,Foreign country,18 years or over,Percentage,Sweden,2018,"47,8",
ESTAT:ILC_PEPS05N(1.0),06/12/24 23:00:00,Annual,Total,Foreign country,18 years or over,Percentage,Sweden,2019,"49,7",
ESTAT:ILC_PEPS05N(1.0),06/12/24 23:00:00,Annual,Total,Foreign country,18 years or over,Percentage,Sweden,2020,"43,7",
ESTAT:ILC_PEPS05N(1.0),06/12/24 23:00:00,Annual,Total,Foreign country,18 years or over,Percentage,Sweden,2021,"39,5",
ESTAT:ILC_PEPS05N(1.0),06/12/24 23:00:00,Annual,Total,Foreign country,18 years or over,Percentage,Sweden,2022,37,
ESTAT:ILC_PEPS05N(1.0),06/12/24 23:00:00,Annual,Total,Foreign country,18 years or over,Percentage,Sweden,2023,"37,8",
ESTAT:ILC_PEPS05N(1.0),06/12/24 23:00:00,Annual,Total,Foreign country,18 years or over,Percentage,Slovenia,2015,"46,8",
ESTAT:ILC_PEPS05N(1.0),06/12/24 23:00:00,Annual,Total,Foreign country,18 years or over,Percentage,Slovenia,2016,"44,8",
ESTAT:ILC_PEPS05N(1.0),06/12/24 23:00:00,Annual,Total,Foreign country,18 years or over,Percentage,Slovenia,2017,"38,3",
ESTAT:ILC_PEPS05N(1.0),06/12/24 23:00:00,Annual,Total,Foreign country,18 years or over,Percentage,Slovenia,2018,"33,6",
ESTAT:ILC_PEPS05N(1.0),06/12/24 23:00:00,Annual,Total,Foreign country,18 years or over,Percentage,Slovenia,2019,"26,2",
ESTAT:ILC_PEPS05N(1.0),06/12/24 23:00:00,Annual,Total,Foreign country,18 years or over,Percentage,Slovenia,2020,"28,7",
ESTAT:ILC_PEPS05N(1.0),06/12/24 23:00:00,Annual,Total,Foreign country,18 years or over,Percentage,Slovenia,2021,"22,6",
ESTAT:ILC_PEPS05N(1.0),06/12/24 23:00:00,Annual,Total,Foreign country,18 years or over,Percentage,Slovenia,2022,"26,1",
ESTAT:ILC_PEPS05N(1.0),06/12/24 23:00:00,Annual,Total,Foreign country,18 years or over,Percentage,Slovenia,2023,"26,2",
ESTAT:ILC_PEPS05N(1.0),06/12/24 23:00:00,Annual,Total,Foreign country,18 years or over,Percentage,Slovakia,2015,"24,9",u
ESTAT:ILC_PEPS05N(1.0),06/12/24 23:00:00,Annual,Total,Foreign country,18 years or over,Percentage,Slovakia,2016,10,u
ESTAT:ILC_PEPS05N(1.0),06/12/24 23:00:00,Annual,Total,Foreign country,18 years or over,Percentage,Slovakia,2017,"19,6",u
ESTAT:ILC_PEPS05N(1.0),06/12/24 23:00:00,Annual,Total,Foreign country,18 years or over,Percentage,Slovakia,2018,"18,3",u
ESTAT:ILC_PEPS05N(1.0),06/12/24 23:00:00,Annual,Total,Foreign country,18 years or over,Percentage,Slovakia,2019,"38,4",u
ESTAT:ILC_PEPS05N(1.0),06/12/24 23:00:00,Annual,Total,Foreign country,18 years or over,Percentage,Slovakia,2020,"16,4",u
ESTAT:ILC_PEPS05N(1.0),06/12/24 23:00:00,Annual,Total,Foreign country,18 years or over,Percentage,Slovakia,2021,"22,8",u
ESTAT:ILC_PEPS05N(1.0),06/12/24 23:00:00,Annual,Total,Foreign country,18 years or over,Percentage,Slovakia,2022,"17,2",u
ESTAT:ILC_PEPS05N(1.0),06/12/24 23:00:00,Annual,Total,Foreign country,18 years or over,Percentage,Slovakia,2023,22,u
ESTAT:ILC_PEPS05N(1.0),06/12/24 23:00:00,Annual,Total,Foreign country,18 years or over,Percentage,Türkiye,2015,"20,2",
ESTAT:ILC_PEPS05N(1.0),06/12/24 23:00:00,Annual,Total,Foreign country,18 years or over,Percentage,Türkiye,2016,"33,9",
ESTAT:ILC_PEPS05N(1.0),06/12/24 23:00:00,Annual,Total,Foreign country,18 years or over,Percentage,Türkiye,2017,"28,7",
ESTAT:ILC_PEPS05N(1.0),06/12/24 23:00:00,Annual,Total,Foreign country,18 years or over,Percentage,Türkiye,2018,35,
ESTAT:ILC_PEPS05N(1.0),06/12/24 23:00:00,Annual,Total,Foreign country,18 years or over,Percentage,Türkiye,2019,"37,2",
ESTAT:ILC_PEPS05N(1.0),06/12/24 23:00:00,Annual,Total,Foreign country,18 years or over,Percentage,Türkiye,2020,46,
ESTAT:ILC_PEPS05N(1.0),06/12/24 23:00:00,Annual,Total,Foreign country,18 years or over,Percentage,Türkiye,2021,"48,9",
ESTAT:ILC_PEPS05N(1.0),06/12/24 23:00:00,Annual,Total,Foreign country,18 years or over,Percentage,Türkiye,2022,"42,3",
ESTAT:ILC_PEPS05N(1.0),06/12/24 23:00:00,Annual,Total,Foreign country,18 years or over,Percentage,Türkiye,2023,42,
ESTAT:ILC_PEPS05N(1.0),06/12/24 23:00:00,Annual,Total,Foreign country,18 years or over,Percentage,United Kingdom,2015,"27,1",
ESTAT:ILC_PEPS05N(1.0),06/12/24 23:00:00,Annual,Total,Foreign country,18 years or over,Percentage,United Kingdom,2016,"22,9",
ESTAT:ILC_PEPS05N(1.0),06/12/24 23:00:00,Annual,Total,Foreign country,18 years or over,Percentage,United Kingdom,2017,"23,4",bu
ESTAT:ILC_PEPS05N(1.0),06/12/24 23:00:00,Annual,Total,Foreign country,18 years or over,Percentage,United Kingdom,2018,"23,3",u
