DATAFLOW,LAST UPDATE,freq,unit,spdeps,spfunc,geo,TIME_PERIOD,Value,OBS_FLAG
ESTAT:TPS00107(1.0),07/11/24 23:00:00,Annual,Purchasing power standard (PPS) per inhabitant,Social protection benefits,"Social exclusion, n.e.c.",Albania,2018,"6,28",p
ESTAT:TPS00107(1.0),07/11/24 23:00:00,Annual,Purchasing power standard (PPS) per inhabitant,Social protection benefits,"Social exclusion, n.e.c.",Albania,2019,"7,38",p
ESTAT:TPS00107(1.0),07/11/24 23:00:00,Annual,Purchasing power standard (PPS) per inhabitant,Social protection benefits,"Social exclusion, n.e.c.",Albania,2020,"6,86",p
ESTAT:TPS00107(1.0),07/11/24 23:00:00,Annual,Purchasing power standard (PPS) per inhabitant,Social protection benefits,"Social exclusion, n.e.c.",Albania,2021,"8,78",p
ESTAT:TPS00107(1.0),07/11/24 23:00:00,Annual,Purchasing power standard (PPS) per inhabitant,Social protection benefits,"Social exclusion, n.e.c.",Albania,2022,"8,9",
ESTAT:TPS00107(1.0),07/11/24 23:00:00,Annual,Purchasing power standard (PPS) per inhabitant,Social protection benefits,"Social exclusion, n.e.c.",Austria,2011,"128,75",
ESTAT:TPS00107(1.0),07/11/24 23:00:00,Annual,Purchasing power standard (PPS) per inhabitant,Social protection benefits,"Social exclusion, n.e.c.",Austria,2012,"140,75",
ESTAT:TPS00107(1.0),07/11/24 23:00:00,Annual,Purchasing power standard (PPS) per inhabitant,Social protection benefits,"Social exclusion, n.e.c.",Austria,2013,"152,7",
ESTAT:TPS00107(1.0),07/11/24 23:00:00,Annual,Purchasing power standard (PPS) per inhabitant,Social protection benefits,"Social exclusion, n.e.c.",Austria,2014,"159,87",
ESTAT:TPS00107(1.0),07/11/24 23:00:00,Annual,Purchasing power standard (PPS) per inhabitant,Social protection benefits,"Social exclusion, n.e.c.",Austria,2015,"198,53",
ESTAT:TPS00107(1.0),07/11/24 23:00:00,Annual,Purchasing power standard (PPS) per inhabitant,Social protection benefits,"Social exclusion, n.e.c.",Austria,2016,"269,67",
ESTAT:TPS00107(1.0),07/11/24 23:00:00,Annual,Purchasing power standard (PPS) per inhabitant,Social protection benefits,"Social exclusion, n.e.c.",Austria,2017,"230,71",
ESTAT:TPS00107(1.0),07/11/24 23:00:00,Annual,Purchasing power standard (PPS) per inhabitant,Social protection benefits,"Social exclusion, n.e.c.",Austria,2018,"200,31",
ESTAT:TPS00107(1.0),07/11/24 23:00:00,Annual,Purchasing power standard (PPS) per inhabitant,Social protection benefits,"Social exclusion, n.e.c.",Austria,2019,"180,98",
ESTAT:TPS00107(1.0),07/11/24 23:00:00,Annual,Purchasing power standard (PPS) per inhabitant,Social protection benefits,"Social exclusion, n.e.c.",Austria,2020,"196,74",
ESTAT:TPS00107(1.0),07/11/24 23:00:00,Annual,Purchasing power standard (PPS) per inhabitant,Social protection benefits,"Social exclusion, n.e.c.",Austria,2021,"215,52",
ESTAT:TPS00107(1.0),07/11/24 23:00:00,Annual,Purchasing power standard (PPS) per inhabitant,Social protection benefits,"Social exclusion, n.e.c.",Austria,2022,"245,32",
ESTAT:TPS00107(1.0),07/11/24 23:00:00,Annual,Purchasing power standard (PPS) per inhabitant,Social protection benefits,"Social exclusion, n.e.c.",Bosnia and Herzegovina,2013,"17,75",
ESTAT:TPS00107(1.0),07/11/24 23:00:00,Annual,Purchasing power standard (PPS) per inhabitant,Social protection benefits,"Social exclusion, n.e.c.",Bosnia and Herzegovina,2014,"17,08",
ESTAT:TPS00107(1.0),07/11/24 23:00:00,Annual,Purchasing power standard (PPS) per inhabitant,Social protection benefits,"Social exclusion, n.e.c.",Bosnia and Herzegovina,2015,"18,71",
ESTAT:TPS00107(1.0),07/11/24 23:00:00,Annual,Purchasing power standard (PPS) per inhabitant,Social protection benefits,"Social exclusion, n.e.c.",Bosnia and Herzegovina,2016,"20,81",
ESTAT:TPS00107(1.0),07/11/24 23:00:00,Annual,Purchasing power standard (PPS) per inhabitant,Social protection benefits,"Social exclusion, n.e.c.",Bosnia and Herzegovina,2017,"23,54",
ESTAT:TPS00107(1.0),07/11/24 23:00:00,Annual,Purchasing power standard (PPS) per inhabitant,Social protection benefits,"Social exclusion, n.e.c.",Bosnia and Herzegovina,2018,"22,91",
ESTAT:TPS00107(1.0),07/11/24 23:00:00,Annual,Purchasing power standard (PPS) per inhabitant,Social protection benefits,"Social exclusion, n.e.c.",Bosnia and Herzegovina,2019,"97,06",
ESTAT:TPS00107(1.0),07/11/24 23:00:00,Annual,Purchasing power standard (PPS) per inhabitant,Social protection benefits,"Social exclusion, n.e.c.",Bosnia and Herzegovina,2020,"124,64",
ESTAT:TPS00107(1.0),07/11/24 23:00:00,Annual,Purchasing power standard (PPS) per inhabitant,Social protection benefits,"Social exclusion, n.e.c.",Bosnia and Herzegovina,2021,"132,57",
ESTAT:TPS00107(1.0),07/11/24 23:00:00,Annual,Purchasing power standard (PPS) per inhabitant,Social protection benefits,"Social exclusion, n.e.c.",Bosnia and Herzegovina,2022,"48,02",
ESTAT:TPS00107(1.0),07/11/24 23:00:00,Annual,Purchasing power standard (PPS) per inhabitant,Social protection benefits,"Social exclusion, n.e.c.",Belgium,2011,"237,38",
ESTAT:TPS00107(1.0),07/11/24 23:00:00,Annual,Purchasing power standard (PPS) per inhabitant,Social protection benefits,"Social exclusion, n.e.c.",Belgium,2012,"216,46",
ESTAT:TPS00107(1.0),07/11/24 23:00:00,Annual,Purchasing power standard (PPS) per inhabitant,Social protection benefits,"Social exclusion, n.e.c.",Belgium,2013,"221,65",
ESTAT:TPS00107(1.0),07/11/24 23:00:00,Annual,Purchasing power standard (PPS) per inhabitant,Social protection benefits,"Social exclusion, n.e.c.",Belgium,2014,"202,92",
ESTAT:TPS00107(1.0),07/11/24 23:00:00,Annual,Purchasing power standard (PPS) per inhabitant,Social protection benefits,"Social exclusion, n.e.c.",Belgium,2015,"208,45",
ESTAT:TPS00107(1.0),07/11/24 23:00:00,Annual,Purchasing power standard (PPS) per inhabitant,Social protection benefits,"Social exclusion, n.e.c.",Belgium,2016,"227,6",
ESTAT:TPS00107(1.0),07/11/24 23:00:00,Annual,Purchasing power standard (PPS) per inhabitant,Social protection benefits,"Social exclusion, n.e.c.",Belgium,2017,"231,7",
ESTAT:TPS00107(1.0),07/11/24 23:00:00,Annual,Purchasing power standard (PPS) per inhabitant,Social protection benefits,"Social exclusion, n.e.c.",Belgium,2018,"243,05",
ESTAT:TPS00107(1.0),07/11/24 23:00:00,Annual,Purchasing power standard (PPS) per inhabitant,Social protection benefits,"Social exclusion, n.e.c.",Belgium,2019,"252,06",
ESTAT:TPS00107(1.0),07/11/24 23:00:00,Annual,Purchasing power standard (PPS) per inhabitant,Social protection benefits,"Social exclusion, n.e.c.",Belgium,2020,"330,77",
ESTAT:TPS00107(1.0),07/11/24 23:00:00,Annual,Purchasing power standard (PPS) per inhabitant,Social protection benefits,"Social exclusion, n.e.c.",Belgium,2021,"254,9",p
ESTAT:TPS00107(1.0),07/11/24 23:00:00,Annual,Purchasing power standard (PPS) per inhabitant,Social protection benefits,"Social exclusion, n.e.c.",Belgium,2022,"343,56",
ESTAT:TPS00107(1.0),07/11/24 23:00:00,Annual,Purchasing power standard (PPS) per inhabitant,Social protection benefits,"Social exclusion, n.e.c.",Bulgaria,2011,"30,78",
ESTAT:TPS00107(1.0),07/11/24 23:00:00,Annual,Purchasing power standard (PPS) per inhabitant,Social protection benefits,"Social exclusion, n.e.c.",Bulgaria,2012,"35,6",
ESTAT:TPS00107(1.0),07/11/24 23:00:00,Annual,Purchasing power standard (PPS) per inhabitant,Social protection benefits,"Social exclusion, n.e.c.",Bulgaria,2013,"32,68",
ESTAT:TPS00107(1.0),07/11/24 23:00:00,Annual,Purchasing power standard (PPS) per inhabitant,Social protection benefits,"Social exclusion, n.e.c.",Bulgaria,2014,"37,92",
ESTAT:TPS00107(1.0),07/11/24 23:00:00,Annual,Purchasing power standard (PPS) per inhabitant,Social protection benefits,"Social exclusion, n.e.c.",Bulgaria,2015,"38,74",
ESTAT:TPS00107(1.0),07/11/24 23:00:00,Annual,Purchasing power standard (PPS) per inhabitant,Social protection benefits,"Social exclusion, n.e.c.",Bulgaria,2016,"39,75",
ESTAT:TPS00107(1.0),07/11/24 23:00:00,Annual,Purchasing power standard (PPS) per inhabitant,Social protection benefits,"Social exclusion, n.e.c.",Bulgaria,2017,"31,86",
ESTAT:TPS00107(1.0),07/11/24 23:00:00,Annual,Purchasing power standard (PPS) per inhabitant,Social protection benefits,"Social exclusion, n.e.c.",Bulgaria,2018,"35,7",
ESTAT:TPS00107(1.0),07/11/24 23:00:00,Annual,Purchasing power standard (PPS) per inhabitant,Social protection benefits,"Social exclusion, n.e.c.",Bulgaria,2019,"37,65",
ESTAT:TPS00107(1.0),07/11/24 23:00:00,Annual,Purchasing power standard (PPS) per inhabitant,Social protection benefits,"Social exclusion, n.e.c.",Bulgaria,2020,"42,98",
ESTAT:TPS00107(1.0),07/11/24 23:00:00,Annual,Purchasing power standard (PPS) per inhabitant,Social protection benefits,"Social exclusion, n.e.c.",Bulgaria,2021,"57,48",
ESTAT:TPS00107(1.0),07/11/24 23:00:00,Annual,Purchasing power standard (PPS) per inhabitant,Social protection benefits,"Social exclusion, n.e.c.",Bulgaria,2022,"57,7",
ESTAT:TPS00107(1.0),07/11/24 23:00:00,Annual,Purchasing power standard (PPS) per inhabitant,Social protection benefits,"Social exclusion, n.e.c.",Switzerland,2011,"184,04",
ESTAT:TPS00107(1.0),07/11/24 23:00:00,Annual,Purchasing power standard (PPS) per inhabitant,Social protection benefits,"Social exclusion, n.e.c.",Switzerland,2012,"200,75",
ESTAT:TPS00107(1.0),07/11/24 23:00:00,Annual,Purchasing power standard (PPS) per inhabitant,Social protection benefits,"Social exclusion, n.e.c.",Switzerland,2013,"212,25",
ESTAT:TPS00107(1.0),07/11/24 23:00:00,Annual,Purchasing power standard (PPS) per inhabitant,Social protection benefits,"Social exclusion, n.e.c.",Switzerland,2014,"219,49",
ESTAT:TPS00107(1.0),07/11/24 23:00:00,Annual,Purchasing power standard (PPS) per inhabitant,Social protection benefits,"Social exclusion, n.e.c.",Switzerland,2015,"233,09",
ESTAT:TPS00107(1.0),07/11/24 23:00:00,Annual,Purchasing power standard (PPS) per inhabitant,Social protection benefits,"Social exclusion, n.e.c.",Switzerland,2016,"246,13",
ESTAT:TPS00107(1.0),07/11/24 23:00:00,Annual,Purchasing power standard (PPS) per inhabitant,Social protection benefits,"Social exclusion, n.e.c.",Switzerland,2017,"243,88",
ESTAT:TPS00107(1.0),07/11/24 23:00:00,Annual,Purchasing power standard (PPS) per inhabitant,Social protection benefits,"Social exclusion, n.e.c.",Switzerland,2018,"242,55",
ESTAT:TPS00107(1.0),07/11/24 23:00:00,Annual,Purchasing power standard (PPS) per inhabitant,Social protection benefits,"Social exclusion, n.e.c.",Switzerland,2019,"244,25",
ESTAT:TPS00107(1.0),07/11/24 23:00:00,Annual,Purchasing power standard (PPS) per inhabitant,Social protection benefits,"Social exclusion, n.e.c.",Switzerland,2020,"244,2",
ESTAT:TPS00107(1.0),07/11/24 23:00:00,Annual,Purchasing power standard (PPS) per inhabitant,Social protection benefits,"Social exclusion, n.e.c.",Switzerland,2021,"249,58",
ESTAT:TPS00107(1.0),07/11/24 23:00:00,Annual,Purchasing power standard (PPS) per inhabitant,Social protection benefits,"Social exclusion, n.e.c.",Switzerland,2022,"285,71",p
ESTAT:TPS00107(1.0),07/11/24 23:00:00,Annual,Purchasing power standard (PPS) per inhabitant,Social protection benefits,"Social exclusion, n.e.c.",Cyprus,2011,"341,81",
ESTAT:TPS00107(1.0),07/11/24 23:00:00,Annual,Purchasing power standard (PPS) per inhabitant,Social protection benefits,"Social exclusion, n.e.c.",Cyprus,2012,"269,96",
ESTAT:TPS00107(1.0),07/11/24 23:00:00,Annual,Purchasing power standard (PPS) per inhabitant,Social protection benefits,"Social exclusion, n.e.c.",Cyprus,2013,"230,97",
ESTAT:TPS00107(1.0),07/11/24 23:00:00,Annual,Purchasing power standard (PPS) per inhabitant,Social protection benefits,"Social exclusion, n.e.c.",Cyprus,2014,"245,71",
ESTAT:TPS00107(1.0),07/11/24 23:00:00,Annual,Purchasing power standard (PPS) per inhabitant,Social protection benefits,"Social exclusion, n.e.c.",Cyprus,2015,"283,4",
ESTAT:TPS00107(1.0),07/11/24 23:00:00,Annual,Purchasing power standard (PPS) per inhabitant,Social protection benefits,"Social exclusion, n.e.c.",Cyprus,2016,"327,13",
ESTAT:TPS00107(1.0),07/11/24 23:00:00,Annual,Purchasing power standard (PPS) per inhabitant,Social protection benefits,"Social exclusion, n.e.c.",Cyprus,2017,"327,65",
ESTAT:TPS00107(1.0),07/11/24 23:00:00,Annual,Purchasing power standard (PPS) per inhabitant,Social protection benefits,"Social exclusion, n.e.c.",Cyprus,2018,"299,82",
ESTAT:TPS00107(1.0),07/11/24 23:00:00,Annual,Purchasing power standard (PPS) per inhabitant,Social protection benefits,"Social exclusion, n.e.c.",Cyprus,2019,"245,44",
ESTAT:TPS00107(1.0),07/11/24 23:00:00,Annual,Purchasing power standard (PPS) per inhabitant,Social protection benefits,"Social exclusion, n.e.c.",Cyprus,2020,"291,09",
ESTAT:TPS00107(1.0),07/11/24 23:00:00,Annual,Purchasing power standard (PPS) per inhabitant,Social protection benefits,"Social exclusion, n.e.c.",Cyprus,2021,"314,08",
ESTAT:TPS00107(1.0),07/11/24 23:00:00,Annual,Purchasing power standard (PPS) per inhabitant,Social protection benefits,"Social exclusion, n.e.c.",Cyprus,2022,"264,75",
ESTAT:TPS00107(1.0),07/11/24 23:00:00,Annual,Purchasing power standard (PPS) per inhabitant,Social protection benefits,"Social exclusion, n.e.c.",Czechia,2011,"56,41",
ESTAT:TPS00107(1.0),07/11/24 23:00:00,Annual,Purchasing power standard (PPS) per inhabitant,Social protection benefits,"Social exclusion, n.e.c.",Czechia,2012,"71,73",
ESTAT:TPS00107(1.0),07/11/24 23:00:00,Annual,Purchasing power standard (PPS) per inhabitant,Social protection benefits,"Social exclusion, n.e.c.",Czechia,2013,"71,09",
ESTAT:TPS00107(1.0),07/11/24 23:00:00,Annual,Purchasing power standard (PPS) per inhabitant,Social protection benefits,"Social exclusion, n.e.c.",Czechia,2014,"76,8",
ESTAT:TPS00107(1.0),07/11/24 23:00:00,Annual,Purchasing power standard (PPS) per inhabitant,Social protection benefits,"Social exclusion, n.e.c.",Czechia,2015,"71,03",
ESTAT:TPS00107(1.0),07/11/24 23:00:00,Annual,Purchasing power standard (PPS) per inhabitant,Social protection benefits,"Social exclusion, n.e.c.",Czechia,2016,"66,16",
ESTAT:TPS00107(1.0),07/11/24 23:00:00,Annual,Purchasing power standard (PPS) per inhabitant,Social protection benefits,"Social exclusion, n.e.c.",Czechia,2017,"57,31",
ESTAT:TPS00107(1.0),07/11/24 23:00:00,Annual,Purchasing power standard (PPS) per inhabitant,Social protection benefits,"Social exclusion, n.e.c.",Czechia,2018,"52,98",
ESTAT:TPS00107(1.0),07/11/24 23:00:00,Annual,Purchasing power standard (PPS) per inhabitant,Social protection benefits,"Social exclusion, n.e.c.",Czechia,2019,"49,89",
ESTAT:TPS00107(1.0),07/11/24 23:00:00,Annual,Purchasing power standard (PPS) per inhabitant,Social protection benefits,"Social exclusion, n.e.c.",Czechia,2020,"49,8",
ESTAT:TPS00107(1.0),07/11/24 23:00:00,Annual,Purchasing power standard (PPS) per inhabitant,Social protection benefits,"Social exclusion, n.e.c.",Czechia,2021,"56,16",
ESTAT:TPS00107(1.0),07/11/24 23:00:00,Annual,Purchasing power standard (PPS) per inhabitant,Social protection benefits,"Social exclusion, n.e.c.",Czechia,2022,"102,66",
ESTAT:TPS00107(1.0),07/11/24 23:00:00,Annual,Purchasing power standard (PPS) per inhabitant,Social protection benefits,"Social exclusion, n.e.c.",Germany,2011,"32,6",
ESTAT:TPS00107(1.0),07/11/24 23:00:00,Annual,Purchasing power standard (PPS) per inhabitant,Social protection benefits,"Social exclusion, n.e.c.",Germany,2012,"35,38",
ESTAT:TPS00107(1.0),07/11/24 23:00:00,Annual,Purchasing power standard (PPS) per inhabitant,Social protection benefits,"Social exclusion, n.e.c.",Germany,2013,"41,57",
ESTAT:TPS00107(1.0),07/11/24 23:00:00,Annual,Purchasing power standard (PPS) per inhabitant,Social protection benefits,"Social exclusion, n.e.c.",Germany,2014,"51,09",
ESTAT:TPS00107(1.0),07/11/24 23:00:00,Annual,Purchasing power standard (PPS) per inhabitant,Social protection benefits,"Social exclusion, n.e.c.",Germany,2015,"83,57",
ESTAT:TPS00107(1.0),07/11/24 23:00:00,Annual,Purchasing power standard (PPS) per inhabitant,Social protection benefits,"Social exclusion, n.e.c.",Germany,2016,"130,16",
ESTAT:TPS00107(1.0),07/11/24 23:00:00,Annual,Purchasing power standard (PPS) per inhabitant,Social protection benefits,"Social exclusion, n.e.c.",Germany,2017,"89,06",
ESTAT:TPS00107(1.0),07/11/24 23:00:00,Annual,Purchasing power standard (PPS) per inhabitant,Social protection benefits,"Social exclusion, n.e.c.",Germany,2018,"78,8",
ESTAT:TPS00107(1.0),07/11/24 23:00:00,Annual,Purchasing power standard (PPS) per inhabitant,Social protection benefits,"Social exclusion, n.e.c.",Germany,2019,"73,8",
ESTAT:TPS00107(1.0),07/11/24 23:00:00,Annual,Purchasing power standard (PPS) per inhabitant,Social protection benefits,"Social exclusion, n.e.c.",Germany,2020,"62,73",
ESTAT:TPS00107(1.0),07/11/24 23:00:00,Annual,Purchasing power standard (PPS) per inhabitant,Social protection benefits,"Social exclusion, n.e.c.",Germany,2021,"63,2",
ESTAT:TPS00107(1.0),07/11/24 23:00:00,Annual,Purchasing power standard (PPS) per inhabitant,Social protection benefits,"Social exclusion, n.e.c.",Germany,2022,"85,27",p
ESTAT:TPS00107(1.0),07/11/24 23:00:00,Annual,Purchasing power standard (PPS) per inhabitant,Social protection benefits,"Social exclusion, n.e.c.",Denmark,2011,"419,94",
ESTAT:TPS00107(1.0),07/11/24 23:00:00,Annual,Purchasing power standard (PPS) per inhabitant,Social protection benefits,"Social exclusion, n.e.c.",Denmark,2012,"442,14",
ESTAT:TPS00107(1.0),07/11/24 23:00:00,Annual,Purchasing power standard (PPS) per inhabitant,Social protection benefits,"Social exclusion, n.e.c.",Denmark,2013,"484,4",
ESTAT:TPS00107(1.0),07/11/24 23:00:00,Annual,Purchasing power standard (PPS) per inhabitant,Social protection benefits,"Social exclusion, n.e.c.",Denmark,2014,"499,14",
ESTAT:TPS00107(1.0),07/11/24 23:00:00,Annual,Purchasing power standard (PPS) per inhabitant,Social protection benefits,"Social exclusion, n.e.c.",Denmark,2015,"563,82",
ESTAT:TPS00107(1.0),07/11/24 23:00:00,Annual,Purchasing power standard (PPS) per inhabitant,Social protection benefits,"Social exclusion, n.e.c.",Denmark,2016,"592,83",
ESTAT:TPS00107(1.0),07/11/24 23:00:00,Annual,Purchasing power standard (PPS) per inhabitant,Social protection benefits,"Social exclusion, n.e.c.",Denmark,2017,"576,79",
ESTAT:TPS00107(1.0),07/11/24 23:00:00,Annual,Purchasing power standard (PPS) per inhabitant,Social protection benefits,"Social exclusion, n.e.c.",Denmark,2018,"552,09",
ESTAT:TPS00107(1.0),07/11/24 23:00:00,Annual,Purchasing power standard (PPS) per inhabitant,Social protection benefits,"Social exclusion, n.e.c.",Denmark,2019,"515,93",
ESTAT:TPS00107(1.0),07/11/24 23:00:00,Annual,Purchasing power standard (PPS) per inhabitant,Social protection benefits,"Social exclusion, n.e.c.",Denmark,2020,"554,82",
ESTAT:TPS00107(1.0),07/11/24 23:00:00,Annual,Purchasing power standard (PPS) per inhabitant,Social protection benefits,"Social exclusion, n.e.c.",Denmark,2021,"498,36",
ESTAT:TPS00107(1.0),07/11/24 23:00:00,Annual,Purchasing power standard (PPS) per inhabitant,Social protection benefits,"Social exclusion, n.e.c.",Denmark,2022,"538,13",p
ESTAT:TPS00107(1.0),07/11/24 23:00:00,Annual,Purchasing power standard (PPS) per inhabitant,Social protection benefits,"Social exclusion, n.e.c.",Euro area - 19 countries  (2015-2022),2011,"126,35",
ESTAT:TPS00107(1.0),07/11/24 23:00:00,Annual,Purchasing power standard (PPS) per inhabitant,Social protection benefits,"Social exclusion, n.e.c.",Euro area - 19 countries  (2015-2022),2012,"128,07",
ESTAT:TPS00107(1.0),07/11/24 23:00:00,Annual,Purchasing power standard (PPS) per inhabitant,Social protection benefits,"Social exclusion, n.e.c.",Euro area - 19 countries  (2015-2022),2013,"134,69",
ESTAT:TPS00107(1.0),07/11/24 23:00:00,Annual,Purchasing power standard (PPS) per inhabitant,Social protection benefits,"Social exclusion, n.e.c.",Euro area - 19 countries  (2015-2022),2014,"155,19",
ESTAT:TPS00107(1.0),07/11/24 23:00:00,Annual,Purchasing power standard (PPS) per inhabitant,Social protection benefits,"Social exclusion, n.e.c.",Euro area - 19 countries  (2015-2022),2015,"172,61",
ESTAT:TPS00107(1.0),07/11/24 23:00:00,Annual,Purchasing power standard (PPS) per inhabitant,Social protection benefits,"Social exclusion, n.e.c.",Euro area - 19 countries  (2015-2022),2016,"195,04",
ESTAT:TPS00107(1.0),07/11/24 23:00:00,Annual,Purchasing power standard (PPS) per inhabitant,Social protection benefits,"Social exclusion, n.e.c.",Euro area - 19 countries  (2015-2022),2017,"191,79",p
ESTAT:TPS00107(1.0),07/11/24 23:00:00,Annual,Purchasing power standard (PPS) per inhabitant,Social protection benefits,"Social exclusion, n.e.c.",Euro area - 19 countries  (2015-2022),2018,"196,39",p
ESTAT:TPS00107(1.0),07/11/24 23:00:00,Annual,Purchasing power standard (PPS) per inhabitant,Social protection benefits,"Social exclusion, n.e.c.",Euro area - 19 countries  (2015-2022),2019,"214,38",p
ESTAT:TPS00107(1.0),07/11/24 23:00:00,Annual,Purchasing power standard (PPS) per inhabitant,Social protection benefits,"Social exclusion, n.e.c.",Euro area - 19 countries  (2015-2022),2020,"245,07",p
ESTAT:TPS00107(1.0),07/11/24 23:00:00,Annual,Purchasing power standard (PPS) per inhabitant,Social protection benefits,"Social exclusion, n.e.c.",Euro area - 19 countries  (2015-2022),2021,"270,76",p
ESTAT:TPS00107(1.0),07/11/24 23:00:00,Annual,Purchasing power standard (PPS) per inhabitant,Social protection benefits,"Social exclusion, n.e.c.",Euro area - 19 countries  (2015-2022),2022,"278,85",p
ESTAT:TPS00107(1.0),07/11/24 23:00:00,Annual,Purchasing power standard (PPS) per inhabitant,Social protection benefits,"Social exclusion, n.e.c.",Euro area – 20 countries (from 2023),2011,"125,34",
ESTAT:TPS00107(1.0),07/11/24 23:00:00,Annual,Purchasing power standard (PPS) per inhabitant,Social protection benefits,"Social exclusion, n.e.c.",Euro area – 20 countries (from 2023),2012,"127,07",
ESTAT:TPS00107(1.0),07/11/24 23:00:00,Annual,Purchasing power standard (PPS) per inhabitant,Social protection benefits,"Social exclusion, n.e.c.",Euro area – 20 countries (from 2023),2013,"133,65",
ESTAT:TPS00107(1.0),07/11/24 23:00:00,Annual,Purchasing power standard (PPS) per inhabitant,Social protection benefits,"Social exclusion, n.e.c.",Euro area – 20 countries (from 2023),2014,"154,02",
ESTAT:TPS00107(1.0),07/11/24 23:00:00,Annual,Purchasing power standard (PPS) per inhabitant,Social protection benefits,"Social exclusion, n.e.c.",Euro area – 20 countries (from 2023),2015,"171,3",
ESTAT:TPS00107(1.0),07/11/24 23:00:00,Annual,Purchasing power standard (PPS) per inhabitant,Social protection benefits,"Social exclusion, n.e.c.",Euro area – 20 countries (from 2023),2016,"193,68",
ESTAT:TPS00107(1.0),07/11/24 23:00:00,Annual,Purchasing power standard (PPS) per inhabitant,Social protection benefits,"Social exclusion, n.e.c.",Euro area – 20 countries (from 2023),2017,"190,49",p
ESTAT:TPS00107(1.0),07/11/24 23:00:00,Annual,Purchasing power standard (PPS) per inhabitant,Social protection benefits,"Social exclusion, n.e.c.",Euro area – 20 countries (from 2023),2018,"195,06",p
ESTAT:TPS00107(1.0),07/11/24 23:00:00,Annual,Purchasing power standard (PPS) per inhabitant,Social protection benefits,"Social exclusion, n.e.c.",Euro area – 20 countries (from 2023),2019,"212,89",p
ESTAT:TPS00107(1.0),07/11/24 23:00:00,Annual,Purchasing power standard (PPS) per inhabitant,Social protection benefits,"Social exclusion, n.e.c.",Euro area – 20 countries (from 2023),2020,"243,36",p
ESTAT:TPS00107(1.0),07/11/24 23:00:00,Annual,Purchasing power standard (PPS) per inhabitant,Social protection benefits,"Social exclusion, n.e.c.",Euro area – 20 countries (from 2023),2021,"269,15",p
ESTAT:TPS00107(1.0),07/11/24 23:00:00,Annual,Purchasing power standard (PPS) per inhabitant,Social protection benefits,"Social exclusion, n.e.c.",Euro area – 20 countries (from 2023),2022,"277,29",p
ESTAT:TPS00107(1.0),07/11/24 23:00:00,Annual,Purchasing power standard (PPS) per inhabitant,Social protection benefits,"Social exclusion, n.e.c.",Estonia,2011,"26,24",
ESTAT:TPS00107(1.0),07/11/24 23:00:00,Annual,Purchasing power standard (PPS) per inhabitant,Social protection benefits,"Social exclusion, n.e.c.",Estonia,2012,"22,8",
ESTAT:TPS00107(1.0),07/11/24 23:00:00,Annual,Purchasing power standard (PPS) per inhabitant,Social protection benefits,"Social exclusion, n.e.c.",Estonia,2013,"20,61",
ESTAT:TPS00107(1.0),07/11/24 23:00:00,Annual,Purchasing power standard (PPS) per inhabitant,Social protection benefits,"Social exclusion, n.e.c.",Estonia,2014,"20,79",
ESTAT:TPS00107(1.0),07/11/24 23:00:00,Annual,Purchasing power standard (PPS) per inhabitant,Social protection benefits,"Social exclusion, n.e.c.",Estonia,2015,"18,88",
ESTAT:TPS00107(1.0),07/11/24 23:00:00,Annual,Purchasing power standard (PPS) per inhabitant,Social protection benefits,"Social exclusion, n.e.c.",Estonia,2016,"22,04",
ESTAT:TPS00107(1.0),07/11/24 23:00:00,Annual,Purchasing power standard (PPS) per inhabitant,Social protection benefits,"Social exclusion, n.e.c.",Estonia,2017,"18,61",
ESTAT:TPS00107(1.0),07/11/24 23:00:00,Annual,Purchasing power standard (PPS) per inhabitant,Social protection benefits,"Social exclusion, n.e.c.",Estonia,2018,"16,9",
ESTAT:TPS00107(1.0),07/11/24 23:00:00,Annual,Purchasing power standard (PPS) per inhabitant,Social protection benefits,"Social exclusion, n.e.c.",Estonia,2019,"15,83",
ESTAT:TPS00107(1.0),07/11/24 23:00:00,Annual,Purchasing power standard (PPS) per inhabitant,Social protection benefits,"Social exclusion, n.e.c.",Estonia,2020,"15,09",
ESTAT:TPS00107(1.0),07/11/24 23:00:00,Annual,Purchasing power standard (PPS) per inhabitant,Social protection benefits,"Social exclusion, n.e.c.",Estonia,2021,"14,12",
ESTAT:TPS00107(1.0),07/11/24 23:00:00,Annual,Purchasing power standard (PPS) per inhabitant,Social protection benefits,"Social exclusion, n.e.c.",Estonia,2022,"28,28",
ESTAT:TPS00107(1.0),07/11/24 23:00:00,Annual,Purchasing power standard (PPS) per inhabitant,Social protection benefits,"Social exclusion, n.e.c.",Greece,2011,"10,11",
ESTAT:TPS00107(1.0),07/11/24 23:00:00,Annual,Purchasing power standard (PPS) per inhabitant,Social protection benefits,"Social exclusion, n.e.c.",Greece,2012,"11,78",
ESTAT:TPS00107(1.0),07/11/24 23:00:00,Annual,Purchasing power standard (PPS) per inhabitant,Social protection benefits,"Social exclusion, n.e.c.",Greece,2013,"12,94",
ESTAT:TPS00107(1.0),07/11/24 23:00:00,Annual,Purchasing power standard (PPS) per inhabitant,Social protection benefits,"Social exclusion, n.e.c.",Greece,2014,"64,65",
ESTAT:TPS00107(1.0),07/11/24 23:00:00,Annual,Purchasing power standard (PPS) per inhabitant,Social protection benefits,"Social exclusion, n.e.c.",Greece,2015,"23,81",
ESTAT:TPS00107(1.0),07/11/24 23:00:00,Annual,Purchasing power standard (PPS) per inhabitant,Social protection benefits,"Social exclusion, n.e.c.",Greece,2016,"40,76",
ESTAT:TPS00107(1.0),07/11/24 23:00:00,Annual,Purchasing power standard (PPS) per inhabitant,Social protection benefits,"Social exclusion, n.e.c.",Greece,2017,"72,99",p
ESTAT:TPS00107(1.0),07/11/24 23:00:00,Annual,Purchasing power standard (PPS) per inhabitant,Social protection benefits,"Social exclusion, n.e.c.",Greece,2018,"99,83",p
ESTAT:TPS00107(1.0),07/11/24 23:00:00,Annual,Purchasing power standard (PPS) per inhabitant,Social protection benefits,"Social exclusion, n.e.c.",Greece,2019,"83,92",p
ESTAT:TPS00107(1.0),07/11/24 23:00:00,Annual,Purchasing power standard (PPS) per inhabitant,Social protection benefits,"Social exclusion, n.e.c.",Greece,2020,"84,66",p
ESTAT:TPS00107(1.0),07/11/24 23:00:00,Annual,Purchasing power standard (PPS) per inhabitant,Social protection benefits,"Social exclusion, n.e.c.",Greece,2021,"90,51",p
ESTAT:TPS00107(1.0),07/11/24 23:00:00,Annual,Purchasing power standard (PPS) per inhabitant,Social protection benefits,"Social exclusion, n.e.c.",Greece,2022,"87,27",p
ESTAT:TPS00107(1.0),07/11/24 23:00:00,Annual,Purchasing power standard (PPS) per inhabitant,Social protection benefits,"Social exclusion, n.e.c.",Spain,2011,"48,93",
ESTAT:TPS00107(1.0),07/11/24 23:00:00,Annual,Purchasing power standard (PPS) per inhabitant,Social protection benefits,"Social exclusion, n.e.c.",Spain,2012,"49,57",
ESTAT:TPS00107(1.0),07/11/24 23:00:00,Annual,Purchasing power standard (PPS) per inhabitant,Social protection benefits,"Social exclusion, n.e.c.",Spain,2013,"53,42",
ESTAT:TPS00107(1.0),07/11/24 23:00:00,Annual,Purchasing power standard (PPS) per inhabitant,Social protection benefits,"Social exclusion, n.e.c.",Spain,2014,"57,37",
ESTAT:TPS00107(1.0),07/11/24 23:00:00,Annual,Purchasing power standard (PPS) per inhabitant,Social protection benefits,"Social exclusion, n.e.c.",Spain,2015,"60,26",
ESTAT:TPS00107(1.0),07/11/24 23:00:00,Annual,Purchasing power standard (PPS) per inhabitant,Social protection benefits,"Social exclusion, n.e.c.",Spain,2016,"56,96",
ESTAT:TPS00107(1.0),07/11/24 23:00:00,Annual,Purchasing power standard (PPS) per inhabitant,Social protection benefits,"Social exclusion, n.e.c.",Spain,2017,"61,01",
ESTAT:TPS00107(1.0),07/11/24 23:00:00,Annual,Purchasing power standard (PPS) per inhabitant,Social protection benefits,"Social exclusion, n.e.c.",Spain,2018,"63,09",
ESTAT:TPS00107(1.0),07/11/24 23:00:00,Annual,Purchasing power standard (PPS) per inhabitant,Social protection benefits,"Social exclusion, n.e.c.",Spain,2019,"65,6",p
ESTAT:TPS00107(1.0),07/11/24 23:00:00,Annual,Purchasing power standard (PPS) per inhabitant,Social protection benefits,"Social exclusion, n.e.c.",Spain,2020,"78,88",p
ESTAT:TPS00107(1.0),07/11/24 23:00:00,Annual,Purchasing power standard (PPS) per inhabitant,Social protection benefits,"Social exclusion, n.e.c.",Spain,2021,"117,1",
ESTAT:TPS00107(1.0),07/11/24 23:00:00,Annual,Purchasing power standard (PPS) per inhabitant,Social protection benefits,"Social exclusion, n.e.c.",Spain,2022,"138,42",
ESTAT:TPS00107(1.0),07/11/24 23:00:00,Annual,Purchasing power standard (PPS) per inhabitant,Social protection benefits,"Social exclusion, n.e.c.",European Union - 27 countries (from 2020),2011,"118,62",
ESTAT:TPS00107(1.0),07/11/24 23:00:00,Annual,Purchasing power standard (PPS) per inhabitant,Social protection benefits,"Social exclusion, n.e.c.",European Union - 27 countries (from 2020),2012,"121,22",
ESTAT:TPS00107(1.0),07/11/24 23:00:00,Annual,Purchasing power standard (PPS) per inhabitant,Social protection benefits,"Social exclusion, n.e.c.",European Union - 27 countries (from 2020),2013,"127,75",
ESTAT:TPS00107(1.0),07/11/24 23:00:00,Annual,Purchasing power standard (PPS) per inhabitant,Social protection benefits,"Social exclusion, n.e.c.",European Union - 27 countries (from 2020),2014,"145,38",
ESTAT:TPS00107(1.0),07/11/24 23:00:00,Annual,Purchasing power standard (PPS) per inhabitant,Social protection benefits,"Social exclusion, n.e.c.",European Union - 27 countries (from 2020),2015,"163,15",b
ESTAT:TPS00107(1.0),07/11/24 23:00:00,Annual,Purchasing power standard (PPS) per inhabitant,Social protection benefits,"Social exclusion, n.e.c.",European Union - 27 countries (from 2020),2016,"186,99",
ESTAT:TPS00107(1.0),07/11/24 23:00:00,Annual,Purchasing power standard (PPS) per inhabitant,Social protection benefits,"Social exclusion, n.e.c.",European Union - 27 countries (from 2020),2017,181,p
ESTAT:TPS00107(1.0),07/11/24 23:00:00,Annual,Purchasing power standard (PPS) per inhabitant,Social protection benefits,"Social exclusion, n.e.c.",European Union - 27 countries (from 2020),2018,"181,92",p
ESTAT:TPS00107(1.0),07/11/24 23:00:00,Annual,Purchasing power standard (PPS) per inhabitant,Social protection benefits,"Social exclusion, n.e.c.",European Union - 27 countries (from 2020),2019,"197,55",p
ESTAT:TPS00107(1.0),07/11/24 23:00:00,Annual,Purchasing power standard (PPS) per inhabitant,Social protection benefits,"Social exclusion, n.e.c.",European Union - 27 countries (from 2020),2020,"223,5",p
ESTAT:TPS00107(1.0),07/11/24 23:00:00,Annual,Purchasing power standard (PPS) per inhabitant,Social protection benefits,"Social exclusion, n.e.c.",European Union - 27 countries (from 2020),2021,"244,54",p
ESTAT:TPS00107(1.0),07/11/24 23:00:00,Annual,Purchasing power standard (PPS) per inhabitant,Social protection benefits,"Social exclusion, n.e.c.",European Union - 27 countries (from 2020),2022,"254,09",p
ESTAT:TPS00107(1.0),07/11/24 23:00:00,Annual,Purchasing power standard (PPS) per inhabitant,Social protection benefits,"Social exclusion, n.e.c.",Finland,2011,"237,85",
ESTAT:TPS00107(1.0),07/11/24 23:00:00,Annual,Purchasing power standard (PPS) per inhabitant,Social protection benefits,"Social exclusion, n.e.c.",Finland,2012,"253,89",
ESTAT:TPS00107(1.0),07/11/24 23:00:00,Annual,Purchasing power standard (PPS) per inhabitant,Social protection benefits,"Social exclusion, n.e.c.",Finland,2013,"261,25",
ESTAT:TPS00107(1.0),07/11/24 23:00:00,Annual,Purchasing power standard (PPS) per inhabitant,Social protection benefits,"Social exclusion, n.e.c.",Finland,2014,"263,85",
ESTAT:TPS00107(1.0),07/11/24 23:00:00,Annual,Purchasing power standard (PPS) per inhabitant,Social protection benefits,"Social exclusion, n.e.c.",Finland,2015,"265,13",
ESTAT:TPS00107(1.0),07/11/24 23:00:00,Annual,Purchasing power standard (PPS) per inhabitant,Social protection benefits,"Social exclusion, n.e.c.",Finland,2016,"338,16",
ESTAT:TPS00107(1.0),07/11/24 23:00:00,Annual,Purchasing power standard (PPS) per inhabitant,Social protection benefits,"Social exclusion, n.e.c.",Finland,2017,"297,76",
ESTAT:TPS00107(1.0),07/11/24 23:00:00,Annual,Purchasing power standard (PPS) per inhabitant,Social protection benefits,"Social exclusion, n.e.c.",Finland,2018,"281,54",
ESTAT:TPS00107(1.0),07/11/24 23:00:00,Annual,Purchasing power standard (PPS) per inhabitant,Social protection benefits,"Social exclusion, n.e.c.",Finland,2019,"287,47",
ESTAT:TPS00107(1.0),07/11/24 23:00:00,Annual,Purchasing power standard (PPS) per inhabitant,Social protection benefits,"Social exclusion, n.e.c.",Finland,2020,"321,58",
ESTAT:TPS00107(1.0),07/11/24 23:00:00,Annual,Purchasing power standard (PPS) per inhabitant,Social protection benefits,"Social exclusion, n.e.c.",Finland,2021,"350,28",
ESTAT:TPS00107(1.0),07/11/24 23:00:00,Annual,Purchasing power standard (PPS) per inhabitant,Social protection benefits,"Social exclusion, n.e.c.",Finland,2022,"329,48",
ESTAT:TPS00107(1.0),07/11/24 23:00:00,Annual,Purchasing power standard (PPS) per inhabitant,Social protection benefits,"Social exclusion, n.e.c.",France,2011,"250,19",
ESTAT:TPS00107(1.0),07/11/24 23:00:00,Annual,Purchasing power standard (PPS) per inhabitant,Social protection benefits,"Social exclusion, n.e.c.",France,2012,"252,85",
ESTAT:TPS00107(1.0),07/11/24 23:00:00,Annual,Purchasing power standard (PPS) per inhabitant,Social protection benefits,"Social exclusion, n.e.c.",France,2013,"264,43",
ESTAT:TPS00107(1.0),07/11/24 23:00:00,Annual,Purchasing power standard (PPS) per inhabitant,Social protection benefits,"Social exclusion, n.e.c.",France,2014,"275,83",
ESTAT:TPS00107(1.0),07/11/24 23:00:00,Annual,Purchasing power standard (PPS) per inhabitant,Social protection benefits,"Social exclusion, n.e.c.",France,2015,"283,07",
ESTAT:TPS00107(1.0),07/11/24 23:00:00,Annual,Purchasing power standard (PPS) per inhabitant,Social protection benefits,"Social exclusion, n.e.c.",France,2016,"295,87",
ESTAT:TPS00107(1.0),07/11/24 23:00:00,Annual,Purchasing power standard (PPS) per inhabitant,Social protection benefits,"Social exclusion, n.e.c.",France,2017,"310,61",
ESTAT:TPS00107(1.0),07/11/24 23:00:00,Annual,Purchasing power standard (PPS) per inhabitant,Social protection benefits,"Social exclusion, n.e.c.",France,2018,"324,19",
ESTAT:TPS00107(1.0),07/11/24 23:00:00,Annual,Purchasing power standard (PPS) per inhabitant,Social protection benefits,"Social exclusion, n.e.c.",France,2019,"388,63",
ESTAT:TPS00107(1.0),07/11/24 23:00:00,Annual,Purchasing power standard (PPS) per inhabitant,Social protection benefits,"Social exclusion, n.e.c.",France,2020,"442,21",
ESTAT:TPS00107(1.0),07/11/24 23:00:00,Annual,Purchasing power standard (PPS) per inhabitant,Social protection benefits,"Social exclusion, n.e.c.",France,2021,"471,51",p
ESTAT:TPS00107(1.0),07/11/24 23:00:00,Annual,Purchasing power standard (PPS) per inhabitant,Social protection benefits,"Social exclusion, n.e.c.",France,2022,"454,5",p
ESTAT:TPS00107(1.0),07/11/24 23:00:00,Annual,Purchasing power standard (PPS) per inhabitant,Social protection benefits,"Social exclusion, n.e.c.",Croatia,2011,"32,65",
ESTAT:TPS00107(1.0),07/11/24 23:00:00,Annual,Purchasing power standard (PPS) per inhabitant,Social protection benefits,"Social exclusion, n.e.c.",Croatia,2012,"33,45",
ESTAT:TPS00107(1.0),07/11/24 23:00:00,Annual,Purchasing power standard (PPS) per inhabitant,Social protection benefits,"Social exclusion, n.e.c.",Croatia,2013,"35,3",
ESTAT:TPS00107(1.0),07/11/24 23:00:00,Annual,Purchasing power standard (PPS) per inhabitant,Social protection benefits,"Social exclusion, n.e.c.",Croatia,2014,"42,05",
ESTAT:TPS00107(1.0),07/11/24 23:00:00,Annual,Purchasing power standard (PPS) per inhabitant,Social protection benefits,"Social exclusion, n.e.c.",Croatia,2015,"43,36",
ESTAT:TPS00107(1.0),07/11/24 23:00:00,Annual,Purchasing power standard (PPS) per inhabitant,Social protection benefits,"Social exclusion, n.e.c.",Croatia,2016,"61,14",
ESTAT:TPS00107(1.0),07/11/24 23:00:00,Annual,Purchasing power standard (PPS) per inhabitant,Social protection benefits,"Social exclusion, n.e.c.",Croatia,2017,"62,01",
ESTAT:TPS00107(1.0),07/11/24 23:00:00,Annual,Purchasing power standard (PPS) per inhabitant,Social protection benefits,"Social exclusion, n.e.c.",Croatia,2018,"60,25",
ESTAT:TPS00107(1.0),07/11/24 23:00:00,Annual,Purchasing power standard (PPS) per inhabitant,Social protection benefits,"Social exclusion, n.e.c.",Croatia,2019,"60,03",
ESTAT:TPS00107(1.0),07/11/24 23:00:00,Annual,Purchasing power standard (PPS) per inhabitant,Social protection benefits,"Social exclusion, n.e.c.",Croatia,2020,"60,67",
ESTAT:TPS00107(1.0),07/11/24 23:00:00,Annual,Purchasing power standard (PPS) per inhabitant,Social protection benefits,"Social exclusion, n.e.c.",Croatia,2021,"92,65",
ESTAT:TPS00107(1.0),07/11/24 23:00:00,Annual,Purchasing power standard (PPS) per inhabitant,Social protection benefits,"Social exclusion, n.e.c.",Croatia,2022,"101,18",
ESTAT:TPS00107(1.0),07/11/24 23:00:00,Annual,Purchasing power standard (PPS) per inhabitant,Social protection benefits,"Social exclusion, n.e.c.",Hungary,2011,"18,09",
ESTAT:TPS00107(1.0),07/11/24 23:00:00,Annual,Purchasing power standard (PPS) per inhabitant,Social protection benefits,"Social exclusion, n.e.c.",Hungary,2012,"17,3",
ESTAT:TPS00107(1.0),07/11/24 23:00:00,Annual,Purchasing power standard (PPS) per inhabitant,Social protection benefits,"Social exclusion, n.e.c.",Hungary,2013,"20,74",
ESTAT:TPS00107(1.0),07/11/24 23:00:00,Annual,Purchasing power standard (PPS) per inhabitant,Social protection benefits,"Social exclusion, n.e.c.",Hungary,2014,"22,84",
ESTAT:TPS00107(1.0),07/11/24 23:00:00,Annual,Purchasing power standard (PPS) per inhabitant,Social protection benefits,"Social exclusion, n.e.c.",Hungary,2015,"30,62",b
ESTAT:TPS00107(1.0),07/11/24 23:00:00,Annual,Purchasing power standard (PPS) per inhabitant,Social protection benefits,"Social exclusion, n.e.c.",Hungary,2016,"33,09",
ESTAT:TPS00107(1.0),07/11/24 23:00:00,Annual,Purchasing power standard (PPS) per inhabitant,Social protection benefits,"Social exclusion, n.e.c.",Hungary,2017,"41,71",
ESTAT:TPS00107(1.0),07/11/24 23:00:00,Annual,Purchasing power standard (PPS) per inhabitant,Social protection benefits,"Social exclusion, n.e.c.",Hungary,2018,"53,51",
ESTAT:TPS00107(1.0),07/11/24 23:00:00,Annual,Purchasing power standard (PPS) per inhabitant,Social protection benefits,"Social exclusion, n.e.c.",Hungary,2019,"47,84",
ESTAT:TPS00107(1.0),07/11/24 23:00:00,Annual,Purchasing power standard (PPS) per inhabitant,Social protection benefits,"Social exclusion, n.e.c.",Hungary,2020,"48,4",
ESTAT:TPS00107(1.0),07/11/24 23:00:00,Annual,Purchasing power standard (PPS) per inhabitant,Social protection benefits,"Social exclusion, n.e.c.",Hungary,2021,46,
ESTAT:TPS00107(1.0),07/11/24 23:00:00,Annual,Purchasing power standard (PPS) per inhabitant,Social protection benefits,"Social exclusion, n.e.c.",Hungary,2022,"47,77",
ESTAT:TPS00107(1.0),07/11/24 23:00:00,Annual,Purchasing power standard (PPS) per inhabitant,Social protection benefits,"Social exclusion, n.e.c.",Ireland,2011,"83,13",
ESTAT:TPS00107(1.0),07/11/24 23:00:00,Annual,Purchasing power standard (PPS) per inhabitant,Social protection benefits,"Social exclusion, n.e.c.",Ireland,2012,"80,04",
ESTAT:TPS00107(1.0),07/11/24 23:00:00,Annual,Purchasing power standard (PPS) per inhabitant,Social protection benefits,"Social exclusion, n.e.c.",Ireland,2013,"60,63",
ESTAT:TPS00107(1.0),07/11/24 23:00:00,Annual,Purchasing power standard (PPS) per inhabitant,Social protection benefits,"Social exclusion, n.e.c.",Ireland,2014,"52,81",
ESTAT:TPS00107(1.0),07/11/24 23:00:00,Annual,Purchasing power standard (PPS) per inhabitant,Social protection benefits,"Social exclusion, n.e.c.",Ireland,2015,"52,95",
ESTAT:TPS00107(1.0),07/11/24 23:00:00,Annual,Purchasing power standard (PPS) per inhabitant,Social protection benefits,"Social exclusion, n.e.c.",Ireland,2016,"49,06",
ESTAT:TPS00107(1.0),07/11/24 23:00:00,Annual,Purchasing power standard (PPS) per inhabitant,Social protection benefits,"Social exclusion, n.e.c.",Ireland,2017,"49,68",
ESTAT:TPS00107(1.0),07/11/24 23:00:00,Annual,Purchasing power standard (PPS) per inhabitant,Social protection benefits,"Social exclusion, n.e.c.",Ireland,2018,"51,42",
ESTAT:TPS00107(1.0),07/11/24 23:00:00,Annual,Purchasing power standard (PPS) per inhabitant,Social protection benefits,"Social exclusion, n.e.c.",Ireland,2019,"49,95",
ESTAT:TPS00107(1.0),07/11/24 23:00:00,Annual,Purchasing power standard (PPS) per inhabitant,Social protection benefits,"Social exclusion, n.e.c.",Ireland,2020,"45,74",
ESTAT:TPS00107(1.0),07/11/24 23:00:00,Annual,Purchasing power standard (PPS) per inhabitant,Social protection benefits,"Social exclusion, n.e.c.",Ireland,2021,"41,4",
ESTAT:TPS00107(1.0),07/11/24 23:00:00,Annual,Purchasing power standard (PPS) per inhabitant,Social protection benefits,"Social exclusion, n.e.c.",Ireland,2022,"47,38",
ESTAT:TPS00107(1.0),07/11/24 23:00:00,Annual,Purchasing power standard (PPS) per inhabitant,Social protection benefits,"Social exclusion, n.e.c.",Iceland,2011,"180,38",
ESTAT:TPS00107(1.0),07/11/24 23:00:00,Annual,Purchasing power standard (PPS) per inhabitant,Social protection benefits,"Social exclusion, n.e.c.",Iceland,2012,"168,34",
ESTAT:TPS00107(1.0),07/11/24 23:00:00,Annual,Purchasing power standard (PPS) per inhabitant,Social protection benefits,"Social exclusion, n.e.c.",Iceland,2013,"206,26",
ESTAT:TPS00107(1.0),07/11/24 23:00:00,Annual,Purchasing power standard (PPS) per inhabitant,Social protection benefits,"Social exclusion, n.e.c.",Iceland,2014,"209,47",
ESTAT:TPS00107(1.0),07/11/24 23:00:00,Annual,Purchasing power standard (PPS) per inhabitant,Social protection benefits,"Social exclusion, n.e.c.",Iceland,2015,"230,48",
ESTAT:TPS00107(1.0),07/11/24 23:00:00,Annual,Purchasing power standard (PPS) per inhabitant,Social protection benefits,"Social exclusion, n.e.c.",Iceland,2016,"233,02",
ESTAT:TPS00107(1.0),07/11/24 23:00:00,Annual,Purchasing power standard (PPS) per inhabitant,Social protection benefits,"Social exclusion, n.e.c.",Iceland,2017,"245,99",
ESTAT:TPS00107(1.0),07/11/24 23:00:00,Annual,Purchasing power standard (PPS) per inhabitant,Social protection benefits,"Social exclusion, n.e.c.",Iceland,2018,"223,8",
ESTAT:TPS00107(1.0),07/11/24 23:00:00,Annual,Purchasing power standard (PPS) per inhabitant,Social protection benefits,"Social exclusion, n.e.c.",Iceland,2019,"259,34",
ESTAT:TPS00107(1.0),07/11/24 23:00:00,Annual,Purchasing power standard (PPS) per inhabitant,Social protection benefits,"Social exclusion, n.e.c.",Iceland,2020,"314,61",
ESTAT:TPS00107(1.0),07/11/24 23:00:00,Annual,Purchasing power standard (PPS) per inhabitant,Social protection benefits,"Social exclusion, n.e.c.",Iceland,2021,"350,63",
ESTAT:TPS00107(1.0),07/11/24 23:00:00,Annual,Purchasing power standard (PPS) per inhabitant,Social protection benefits,"Social exclusion, n.e.c.",Iceland,2022,"339,9",
ESTAT:TPS00107(1.0),07/11/24 23:00:00,Annual,Purchasing power standard (PPS) per inhabitant,Social protection benefits,"Social exclusion, n.e.c.",Italy,2011,"35,55",
ESTAT:TPS00107(1.0),07/11/24 23:00:00,Annual,Purchasing power standard (PPS) per inhabitant,Social protection benefits,"Social exclusion, n.e.c.",Italy,2012,"32,47",
ESTAT:TPS00107(1.0),07/11/24 23:00:00,Annual,Purchasing power standard (PPS) per inhabitant,Social protection benefits,"Social exclusion, n.e.c.",Italy,2013,"32,98",
ESTAT:TPS00107(1.0),07/11/24 23:00:00,Annual,Purchasing power standard (PPS) per inhabitant,Social protection benefits,"Social exclusion, n.e.c.",Italy,2014,"128,95",
ESTAT:TPS00107(1.0),07/11/24 23:00:00,Annual,Purchasing power standard (PPS) per inhabitant,Social protection benefits,"Social exclusion, n.e.c.",Italy,2015,"187,28",
ESTAT:TPS00107(1.0),07/11/24 23:00:00,Annual,Purchasing power standard (PPS) per inhabitant,Social protection benefits,"Social exclusion, n.e.c.",Italy,2016,"205,01",
ESTAT:TPS00107(1.0),07/11/24 23:00:00,Annual,Purchasing power standard (PPS) per inhabitant,Social protection benefits,"Social exclusion, n.e.c.",Italy,2017,"224,66",
ESTAT:TPS00107(1.0),07/11/24 23:00:00,Annual,Purchasing power standard (PPS) per inhabitant,Social protection benefits,"Social exclusion, n.e.c.",Italy,2018,"243,95",
ESTAT:TPS00107(1.0),07/11/24 23:00:00,Annual,Purchasing power standard (PPS) per inhabitant,Social protection benefits,"Social exclusion, n.e.c.",Italy,2019,"286,15",p
ESTAT:TPS00107(1.0),07/11/24 23:00:00,Annual,Purchasing power standard (PPS) per inhabitant,Social protection benefits,"Social exclusion, n.e.c.",Italy,2020,"387,21",p
ESTAT:TPS00107(1.0),07/11/24 23:00:00,Annual,Purchasing power standard (PPS) per inhabitant,Social protection benefits,"Social exclusion, n.e.c.",Italy,2021,"481,54",p
ESTAT:TPS00107(1.0),07/11/24 23:00:00,Annual,Purchasing power standard (PPS) per inhabitant,Social protection benefits,"Social exclusion, n.e.c.",Italy,2022,"477,16",p
ESTAT:TPS00107(1.0),07/11/24 23:00:00,Annual,Purchasing power standard (PPS) per inhabitant,Social protection benefits,"Social exclusion, n.e.c.",Lithuania,2011,"131,92",
ESTAT:TPS00107(1.0),07/11/24 23:00:00,Annual,Purchasing power standard (PPS) per inhabitant,Social protection benefits,"Social exclusion, n.e.c.",Lithuania,2012,"135,79",
ESTAT:TPS00107(1.0),07/11/24 23:00:00,Annual,Purchasing power standard (PPS) per inhabitant,Social protection benefits,"Social exclusion, n.e.c.",Lithuania,2013,"120,7",
ESTAT:TPS00107(1.0),07/11/24 23:00:00,Annual,Purchasing power standard (PPS) per inhabitant,Social protection benefits,"Social exclusion, n.e.c.",Lithuania,2014,"90,2",
ESTAT:TPS00107(1.0),07/11/24 23:00:00,Annual,Purchasing power standard (PPS) per inhabitant,Social protection benefits,"Social exclusion, n.e.c.",Lithuania,2015,"70,88",
ESTAT:TPS00107(1.0),07/11/24 23:00:00,Annual,Purchasing power standard (PPS) per inhabitant,Social protection benefits,"Social exclusion, n.e.c.",Lithuania,2016,"61,41",
ESTAT:TPS00107(1.0),07/11/24 23:00:00,Annual,Purchasing power standard (PPS) per inhabitant,Social protection benefits,"Social exclusion, n.e.c.",Lithuania,2017,"59,09",
ESTAT:TPS00107(1.0),07/11/24 23:00:00,Annual,Purchasing power standard (PPS) per inhabitant,Social protection benefits,"Social exclusion, n.e.c.",Lithuania,2018,"69,49",
ESTAT:TPS00107(1.0),07/11/24 23:00:00,Annual,Purchasing power standard (PPS) per inhabitant,Social protection benefits,"Social exclusion, n.e.c.",Lithuania,2019,"73,05",
ESTAT:TPS00107(1.0),07/11/24 23:00:00,Annual,Purchasing power standard (PPS) per inhabitant,Social protection benefits,"Social exclusion, n.e.c.",Lithuania,2020,"79,18",p
ESTAT:TPS00107(1.0),07/11/24 23:00:00,Annual,Purchasing power standard (PPS) per inhabitant,Social protection benefits,"Social exclusion, n.e.c.",Lithuania,2021,"91,95",p
ESTAT:TPS00107(1.0),07/11/24 23:00:00,Annual,Purchasing power standard (PPS) per inhabitant,Social protection benefits,"Social exclusion, n.e.c.",Lithuania,2022,"117,15",
ESTAT:TPS00107(1.0),07/11/24 23:00:00,Annual,Purchasing power standard (PPS) per inhabitant,Social protection benefits,"Social exclusion, n.e.c.",Luxembourg,2011,"323,03",
ESTAT:TPS00107(1.0),07/11/24 23:00:00,Annual,Purchasing power standard (PPS) per inhabitant,Social protection benefits,"Social exclusion, n.e.c.",Luxembourg,2012,"324,3",
ESTAT:TPS00107(1.0),07/11/24 23:00:00,Annual,Purchasing power standard (PPS) per inhabitant,Social protection benefits,"Social exclusion, n.e.c.",Luxembourg,2013,"331,65",
ESTAT:TPS00107(1.0),07/11/24 23:00:00,Annual,Purchasing power standard (PPS) per inhabitant,Social protection benefits,"Social exclusion, n.e.c.",Luxembourg,2014,"334,1",
ESTAT:TPS00107(1.0),07/11/24 23:00:00,Annual,Purchasing power standard (PPS) per inhabitant,Social protection benefits,"Social exclusion, n.e.c.",Luxembourg,2015,"324,55",
ESTAT:TPS00107(1.0),07/11/24 23:00:00,Annual,Purchasing power standard (PPS) per inhabitant,Social protection benefits,"Social exclusion, n.e.c.",Luxembourg,2016,"362,77",
ESTAT:TPS00107(1.0),07/11/24 23:00:00,Annual,Purchasing power standard (PPS) per inhabitant,Social protection benefits,"Social exclusion, n.e.c.",Luxembourg,2017,"375,14",
ESTAT:TPS00107(1.0),07/11/24 23:00:00,Annual,Purchasing power standard (PPS) per inhabitant,Social protection benefits,"Social exclusion, n.e.c.",Luxembourg,2018,"384,58",
ESTAT:TPS00107(1.0),07/11/24 23:00:00,Annual,Purchasing power standard (PPS) per inhabitant,Social protection benefits,"Social exclusion, n.e.c.",Luxembourg,2019,"369,07",
ESTAT:TPS00107(1.0),07/11/24 23:00:00,Annual,Purchasing power standard (PPS) per inhabitant,Social protection benefits,"Social exclusion, n.e.c.",Luxembourg,2020,"403,99",
ESTAT:TPS00107(1.0),07/11/24 23:00:00,Annual,Purchasing power standard (PPS) per inhabitant,Social protection benefits,"Social exclusion, n.e.c.",Luxembourg,2021,"383,61",
ESTAT:TPS00107(1.0),07/11/24 23:00:00,Annual,Purchasing power standard (PPS) per inhabitant,Social protection benefits,"Social exclusion, n.e.c.",Luxembourg,2022,"458,94",
ESTAT:TPS00107(1.0),07/11/24 23:00:00,Annual,Purchasing power standard (PPS) per inhabitant,Social protection benefits,"Social exclusion, n.e.c.",Latvia,2011,"37,39",
ESTAT:TPS00107(1.0),07/11/24 23:00:00,Annual,Purchasing power standard (PPS) per inhabitant,Social protection benefits,"Social exclusion, n.e.c.",Latvia,2012,"30,92",
ESTAT:TPS00107(1.0),07/11/24 23:00:00,Annual,Purchasing power standard (PPS) per inhabitant,Social protection benefits,"Social exclusion, n.e.c.",Latvia,2013,"23,77",
ESTAT:TPS00107(1.0),07/11/24 23:00:00,Annual,Purchasing power standard (PPS) per inhabitant,Social protection benefits,"Social exclusion, n.e.c.",Latvia,2014,"21,78",
ESTAT:TPS00107(1.0),07/11/24 23:00:00,Annual,Purchasing power standard (PPS) per inhabitant,Social protection benefits,"Social exclusion, n.e.c.",Latvia,2015,"20,58",
ESTAT:TPS00107(1.0),07/11/24 23:00:00,Annual,Purchasing power standard (PPS) per inhabitant,Social protection benefits,"Social exclusion, n.e.c.",Latvia,2016,"19,82",
ESTAT:TPS00107(1.0),07/11/24 23:00:00,Annual,Purchasing power standard (PPS) per inhabitant,Social protection benefits,"Social exclusion, n.e.c.",Latvia,2017,"20,32",
ESTAT:TPS00107(1.0),07/11/24 23:00:00,Annual,Purchasing power standard (PPS) per inhabitant,Social protection benefits,"Social exclusion, n.e.c.",Latvia,2018,"21,29",
ESTAT:TPS00107(1.0),07/11/24 23:00:00,Annual,Purchasing power standard (PPS) per inhabitant,Social protection benefits,"Social exclusion, n.e.c.",Latvia,2019,"21,27",p
ESTAT:TPS00107(1.0),07/11/24 23:00:00,Annual,Purchasing power standard (PPS) per inhabitant,Social protection benefits,"Social exclusion, n.e.c.",Latvia,2020,"22,84",p
ESTAT:TPS00107(1.0),07/11/24 23:00:00,Annual,Purchasing power standard (PPS) per inhabitant,Social protection benefits,"Social exclusion, n.e.c.",Latvia,2021,"27,86",p
ESTAT:TPS00107(1.0),07/11/24 23:00:00,Annual,Purchasing power standard (PPS) per inhabitant,Social protection benefits,"Social exclusion, n.e.c.",Latvia,2022,"62,22",
ESTAT:TPS00107(1.0),07/11/24 23:00:00,Annual,Purchasing power standard (PPS) per inhabitant,Social protection benefits,"Social exclusion, n.e.c.",Montenegro,2016,"50,32",
ESTAT:TPS00107(1.0),07/11/24 23:00:00,Annual,Purchasing power standard (PPS) per inhabitant,Social protection benefits,"Social exclusion, n.e.c.",Montenegro,2017,"49,75",
ESTAT:TPS00107(1.0),07/11/24 23:00:00,Annual,Purchasing power standard (PPS) per inhabitant,Social protection benefits,"Social exclusion, n.e.c.",Montenegro,2018,"58,81",
ESTAT:TPS00107(1.0),07/11/24 23:00:00,Annual,Purchasing power standard (PPS) per inhabitant,Social protection benefits,"Social exclusion, n.e.c.",Montenegro,2019,"54,01",
ESTAT:TPS00107(1.0),07/11/24 23:00:00,Annual,Purchasing power standard (PPS) per inhabitant,Social protection benefits,"Social exclusion, n.e.c.",Montenegro,2020,"59,08",
ESTAT:TPS00107(1.0),07/11/24 23:00:00,Annual,Purchasing power standard (PPS) per inhabitant,Social protection benefits,"Social exclusion, n.e.c.",Montenegro,2021,"54,16",p
ESTAT:TPS00107(1.0),07/11/24 23:00:00,Annual,Purchasing power standard (PPS) per inhabitant,Social protection benefits,"Social exclusion, n.e.c.",Montenegro,2022,"44,14",p
ESTAT:TPS00107(1.0),07/11/24 23:00:00,Annual,Purchasing power standard (PPS) per inhabitant,Social protection benefits,"Social exclusion, n.e.c.",North Macedonia,2015,"22,83",
ESTAT:TPS00107(1.0),07/11/24 23:00:00,Annual,Purchasing power standard (PPS) per inhabitant,Social protection benefits,"Social exclusion, n.e.c.",North Macedonia,2016,"20,91",
ESTAT:TPS00107(1.0),07/11/24 23:00:00,Annual,Purchasing power standard (PPS) per inhabitant,Social protection benefits,"Social exclusion, n.e.c.",North Macedonia,2017,"21,37",
ESTAT:TPS00107(1.0),07/11/24 23:00:00,Annual,Purchasing power standard (PPS) per inhabitant,Social protection benefits,"Social exclusion, n.e.c.",Malta,2011,"73,44",
ESTAT:TPS00107(1.0),07/11/24 23:00:00,Annual,Purchasing power standard (PPS) per inhabitant,Social protection benefits,"Social exclusion, n.e.c.",Malta,2012,"65,49",
ESTAT:TPS00107(1.0),07/11/24 23:00:00,Annual,Purchasing power standard (PPS) per inhabitant,Social protection benefits,"Social exclusion, n.e.c.",Malta,2013,"63,76",
ESTAT:TPS00107(1.0),07/11/24 23:00:00,Annual,Purchasing power standard (PPS) per inhabitant,Social protection benefits,"Social exclusion, n.e.c.",Malta,2014,"72,66",
ESTAT:TPS00107(1.0),07/11/24 23:00:00,Annual,Purchasing power standard (PPS) per inhabitant,Social protection benefits,"Social exclusion, n.e.c.",Malta,2015,"60,91",
ESTAT:TPS00107(1.0),07/11/24 23:00:00,Annual,Purchasing power standard (PPS) per inhabitant,Social protection benefits,"Social exclusion, n.e.c.",Malta,2016,"57,05",
ESTAT:TPS00107(1.0),07/11/24 23:00:00,Annual,Purchasing power standard (PPS) per inhabitant,Social protection benefits,"Social exclusion, n.e.c.",Malta,2017,"54,05",
ESTAT:TPS00107(1.0),07/11/24 23:00:00,Annual,Purchasing power standard (PPS) per inhabitant,Social protection benefits,"Social exclusion, n.e.c.",Malta,2018,"55,05",
ESTAT:TPS00107(1.0),07/11/24 23:00:00,Annual,Purchasing power standard (PPS) per inhabitant,Social protection benefits,"Social exclusion, n.e.c.",Malta,2019,"63,15",
ESTAT:TPS00107(1.0),07/11/24 23:00:00,Annual,Purchasing power standard (PPS) per inhabitant,Social protection benefits,"Social exclusion, n.e.c.",Malta,2020,"77,03",
ESTAT:TPS00107(1.0),07/11/24 23:00:00,Annual,Purchasing power standard (PPS) per inhabitant,Social protection benefits,"Social exclusion, n.e.c.",Malta,2021,"85,51",
ESTAT:TPS00107(1.0),07/11/24 23:00:00,Annual,Purchasing power standard (PPS) per inhabitant,Social protection benefits,"Social exclusion, n.e.c.",Malta,2022,"113,74",
ESTAT:TPS00107(1.0),07/11/24 23:00:00,Annual,Purchasing power standard (PPS) per inhabitant,Social protection benefits,"Social exclusion, n.e.c.",Netherlands,2011,"570,04",
ESTAT:TPS00107(1.0),07/11/24 23:00:00,Annual,Purchasing power standard (PPS) per inhabitant,Social protection benefits,"Social exclusion, n.e.c.",Netherlands,2012,"586,63",
ESTAT:TPS00107(1.0),07/11/24 23:00:00,Annual,Purchasing power standard (PPS) per inhabitant,Social protection benefits,"Social exclusion, n.e.c.",Netherlands,2013,"636,32",
ESTAT:TPS00107(1.0),07/11/24 23:00:00,Annual,Purchasing power standard (PPS) per inhabitant,Social protection benefits,"Social exclusion, n.e.c.",Netherlands,2014,"578,32",
ESTAT:TPS00107(1.0),07/11/24 23:00:00,Annual,Purchasing power standard (PPS) per inhabitant,Social protection benefits,"Social exclusion, n.e.c.",Netherlands,2015,"526,99",
ESTAT:TPS00107(1.0),07/11/24 23:00:00,Annual,Purchasing power standard (PPS) per inhabitant,Social protection benefits,"Social exclusion, n.e.c.",Netherlands,2016,"544,22",
ESTAT:TPS00107(1.0),07/11/24 23:00:00,Annual,Purchasing power standard (PPS) per inhabitant,Social protection benefits,"Social exclusion, n.e.c.",Netherlands,2017,"555,7",
ESTAT:TPS00107(1.0),07/11/24 23:00:00,Annual,Purchasing power standard (PPS) per inhabitant,Social protection benefits,"Social exclusion, n.e.c.",Netherlands,2018,"569,07",
ESTAT:TPS00107(1.0),07/11/24 23:00:00,Annual,Purchasing power standard (PPS) per inhabitant,Social protection benefits,"Social exclusion, n.e.c.",Netherlands,2019,"561,66",
ESTAT:TPS00107(1.0),07/11/24 23:00:00,Annual,Purchasing power standard (PPS) per inhabitant,Social protection benefits,"Social exclusion, n.e.c.",Netherlands,2020,"575,94",
ESTAT:TPS00107(1.0),07/11/24 23:00:00,Annual,Purchasing power standard (PPS) per inhabitant,Social protection benefits,"Social exclusion, n.e.c.",Netherlands,2021,"595,31",
ESTAT:TPS00107(1.0),07/11/24 23:00:00,Annual,Purchasing power standard (PPS) per inhabitant,Social protection benefits,"Social exclusion, n.e.c.",Netherlands,2022,"599,38",
ESTAT:TPS00107(1.0),07/11/24 23:00:00,Annual,Purchasing power standard (PPS) per inhabitant,Social protection benefits,"Social exclusion, n.e.c.",Norway,2011,"257,73",
ESTAT:TPS00107(1.0),07/11/24 23:00:00,Annual,Purchasing power standard (PPS) per inhabitant,Social protection benefits,"Social exclusion, n.e.c.",Norway,2012,"253,66",
ESTAT:TPS00107(1.0),07/11/24 23:00:00,Annual,Purchasing power standard (PPS) per inhabitant,Social protection benefits,"Social exclusion, n.e.c.",Norway,2013,"270,12",
ESTAT:TPS00107(1.0),07/11/24 23:00:00,Annual,Purchasing power standard (PPS) per inhabitant,Social protection benefits,"Social exclusion, n.e.c.",Norway,2014,"271,19",
ESTAT:TPS00107(1.0),07/11/24 23:00:00,Annual,Purchasing power standard (PPS) per inhabitant,Social protection benefits,"Social exclusion, n.e.c.",Norway,2015,"279,17",
ESTAT:TPS00107(1.0),07/11/24 23:00:00,Annual,Purchasing power standard (PPS) per inhabitant,Social protection benefits,"Social exclusion, n.e.c.",Norway,2016,"317,12",
ESTAT:TPS00107(1.0),07/11/24 23:00:00,Annual,Purchasing power standard (PPS) per inhabitant,Social protection benefits,"Social exclusion, n.e.c.",Norway,2017,"317,15",
ESTAT:TPS00107(1.0),07/11/24 23:00:00,Annual,Purchasing power standard (PPS) per inhabitant,Social protection benefits,"Social exclusion, n.e.c.",Norway,2018,"306,83",
ESTAT:TPS00107(1.0),07/11/24 23:00:00,Annual,Purchasing power standard (PPS) per inhabitant,Social protection benefits,"Social exclusion, n.e.c.",Norway,2019,"291,41",
ESTAT:TPS00107(1.0),07/11/24 23:00:00,Annual,Purchasing power standard (PPS) per inhabitant,Social protection benefits,"Social exclusion, n.e.c.",Norway,2020,"267,24",
ESTAT:TPS00107(1.0),07/11/24 23:00:00,Annual,Purchasing power standard (PPS) per inhabitant,Social protection benefits,"Social exclusion, n.e.c.",Norway,2021,"265,2",
ESTAT:TPS00107(1.0),07/11/24 23:00:00,Annual,Purchasing power standard (PPS) per inhabitant,Social protection benefits,"Social exclusion, n.e.c.",Norway,2022,"326,6",
ESTAT:TPS00107(1.0),07/11/24 23:00:00,Annual,Purchasing power standard (PPS) per inhabitant,Social protection benefits,"Social exclusion, n.e.c.",Poland,2011,"27,66",
ESTAT:TPS00107(1.0),07/11/24 23:00:00,Annual,Purchasing power standard (PPS) per inhabitant,Social protection benefits,"Social exclusion, n.e.c.",Poland,2012,"25,26",
ESTAT:TPS00107(1.0),07/11/24 23:00:00,Annual,Purchasing power standard (PPS) per inhabitant,Social protection benefits,"Social exclusion, n.e.c.",Poland,2013,"27,32",
ESTAT:TPS00107(1.0),07/11/24 23:00:00,Annual,Purchasing power standard (PPS) per inhabitant,Social protection benefits,"Social exclusion, n.e.c.",Poland,2014,"26,6",
ESTAT:TPS00107(1.0),07/11/24 23:00:00,Annual,Purchasing power standard (PPS) per inhabitant,Social protection benefits,"Social exclusion, n.e.c.",Poland,2015,"27,23",
ESTAT:TPS00107(1.0),07/11/24 23:00:00,Annual,Purchasing power standard (PPS) per inhabitant,Social protection benefits,"Social exclusion, n.e.c.",Poland,2016,"26,24",
ESTAT:TPS00107(1.0),07/11/24 23:00:00,Annual,Purchasing power standard (PPS) per inhabitant,Social protection benefits,"Social exclusion, n.e.c.",Poland,2017,"24,94",
ESTAT:TPS00107(1.0),07/11/24 23:00:00,Annual,Purchasing power standard (PPS) per inhabitant,Social protection benefits,"Social exclusion, n.e.c.",Poland,2018,"23,63",
ESTAT:TPS00107(1.0),07/11/24 23:00:00,Annual,Purchasing power standard (PPS) per inhabitant,Social protection benefits,"Social exclusion, n.e.c.",Poland,2019,"79,79",
ESTAT:TPS00107(1.0),07/11/24 23:00:00,Annual,Purchasing power standard (PPS) per inhabitant,Social protection benefits,"Social exclusion, n.e.c.",Poland,2020,"81,98",
ESTAT:TPS00107(1.0),07/11/24 23:00:00,Annual,Purchasing power standard (PPS) per inhabitant,Social protection benefits,"Social exclusion, n.e.c.",Poland,2021,"90,57",
ESTAT:TPS00107(1.0),07/11/24 23:00:00,Annual,Purchasing power standard (PPS) per inhabitant,Social protection benefits,"Social exclusion, n.e.c.",Poland,2022,"92,27",
ESTAT:TPS00107(1.0),07/11/24 23:00:00,Annual,Purchasing power standard (PPS) per inhabitant,Social protection benefits,"Social exclusion, n.e.c.",Portugal,2011,"54,08",
ESTAT:TPS00107(1.0),07/11/24 23:00:00,Annual,Purchasing power standard (PPS) per inhabitant,Social protection benefits,"Social exclusion, n.e.c.",Portugal,2012,"53,3",
ESTAT:TPS00107(1.0),07/11/24 23:00:00,Annual,Purchasing power standard (PPS) per inhabitant,Social protection benefits,"Social exclusion, n.e.c.",Portugal,2013,"46,51",
ESTAT:TPS00107(1.0),07/11/24 23:00:00,Annual,Purchasing power standard (PPS) per inhabitant,Social protection benefits,"Social exclusion, n.e.c.",Portugal,2014,"44,24",
ESTAT:TPS00107(1.0),07/11/24 23:00:00,Annual,Purchasing power standard (PPS) per inhabitant,Social protection benefits,"Social exclusion, n.e.c.",Portugal,2015,"43,04",
ESTAT:TPS00107(1.0),07/11/24 23:00:00,Annual,Purchasing power standard (PPS) per inhabitant,Social protection benefits,"Social exclusion, n.e.c.",Portugal,2016,"48,37",
ESTAT:TPS00107(1.0),07/11/24 23:00:00,Annual,Purchasing power standard (PPS) per inhabitant,Social protection benefits,"Social exclusion, n.e.c.",Portugal,2017,"47,78",
ESTAT:TPS00107(1.0),07/11/24 23:00:00,Annual,Purchasing power standard (PPS) per inhabitant,Social protection benefits,"Social exclusion, n.e.c.",Portugal,2018,"50,44",
ESTAT:TPS00107(1.0),07/11/24 23:00:00,Annual,Purchasing power standard (PPS) per inhabitant,Social protection benefits,"Social exclusion, n.e.c.",Portugal,2019,"48,7",
ESTAT:TPS00107(1.0),07/11/24 23:00:00,Annual,Purchasing power standard (PPS) per inhabitant,Social protection benefits,"Social exclusion, n.e.c.",Portugal,2020,"51,59",
ESTAT:TPS00107(1.0),07/11/24 23:00:00,Annual,Purchasing power standard (PPS) per inhabitant,Social protection benefits,"Social exclusion, n.e.c.",Portugal,2021,"52,77",
ESTAT:TPS00107(1.0),07/11/24 23:00:00,Annual,Purchasing power standard (PPS) per inhabitant,Social protection benefits,"Social exclusion, n.e.c.",Portugal,2022,"90,93",
ESTAT:TPS00107(1.0),07/11/24 23:00:00,Annual,Purchasing power standard (PPS) per inhabitant,Social protection benefits,"Social exclusion, n.e.c.",Romania,2011,"33,36",
ESTAT:TPS00107(1.0),07/11/24 23:00:00,Annual,Purchasing power standard (PPS) per inhabitant,Social protection benefits,"Social exclusion, n.e.c.",Romania,2012,"25,34",
ESTAT:TPS00107(1.0),07/11/24 23:00:00,Annual,Purchasing power standard (PPS) per inhabitant,Social protection benefits,"Social exclusion, n.e.c.",Romania,2013,"26,99",
ESTAT:TPS00107(1.0),07/11/24 23:00:00,Annual,Purchasing power standard (PPS) per inhabitant,Social protection benefits,"Social exclusion, n.e.c.",Romania,2014,"26,11",
ESTAT:TPS00107(1.0),07/11/24 23:00:00,Annual,Purchasing power standard (PPS) per inhabitant,Social protection benefits,"Social exclusion, n.e.c.",Romania,2015,"26,11",
ESTAT:TPS00107(1.0),07/11/24 23:00:00,Annual,Purchasing power standard (PPS) per inhabitant,Social protection benefits,"Social exclusion, n.e.c.",Romania,2016,"28,9",
ESTAT:TPS00107(1.0),07/11/24 23:00:00,Annual,Purchasing power standard (PPS) per inhabitant,Social protection benefits,"Social exclusion, n.e.c.",Romania,2017,"26,55",
ESTAT:TPS00107(1.0),07/11/24 23:00:00,Annual,Purchasing power standard (PPS) per inhabitant,Social protection benefits,"Social exclusion, n.e.c.",Romania,2018,"22,07",
ESTAT:TPS00107(1.0),07/11/24 23:00:00,Annual,Purchasing power standard (PPS) per inhabitant,Social protection benefits,"Social exclusion, n.e.c.",Romania,2019,"18,71",
ESTAT:TPS00107(1.0),07/11/24 23:00:00,Annual,Purchasing power standard (PPS) per inhabitant,Social protection benefits,"Social exclusion, n.e.c.",Romania,2020,"18,16",
ESTAT:TPS00107(1.0),07/11/24 23:00:00,Annual,Purchasing power standard (PPS) per inhabitant,Social protection benefits,"Social exclusion, n.e.c.",Romania,2021,"28,38",
ESTAT:TPS00107(1.0),07/11/24 23:00:00,Annual,Purchasing power standard (PPS) per inhabitant,Social protection benefits,"Social exclusion, n.e.c.",Romania,2022,"64,21",
ESTAT:TPS00107(1.0),07/11/24 23:00:00,Annual,Purchasing power standard (PPS) per inhabitant,Social protection benefits,"Social exclusion, n.e.c.",Serbia,2011,"34,34",
ESTAT:TPS00107(1.0),07/11/24 23:00:00,Annual,Purchasing power standard (PPS) per inhabitant,Social protection benefits,"Social exclusion, n.e.c.",Serbia,2012,"41,65",
ESTAT:TPS00107(1.0),07/11/24 23:00:00,Annual,Purchasing power standard (PPS) per inhabitant,Social protection benefits,"Social exclusion, n.e.c.",Serbia,2013,"46,78",
ESTAT:TPS00107(1.0),07/11/24 23:00:00,Annual,Purchasing power standard (PPS) per inhabitant,Social protection benefits,"Social exclusion, n.e.c.",Serbia,2014,"49,48",
ESTAT:TPS00107(1.0),07/11/24 23:00:00,Annual,Purchasing power standard (PPS) per inhabitant,Social protection benefits,"Social exclusion, n.e.c.",Serbia,2015,"58,88",
ESTAT:TPS00107(1.0),07/11/24 23:00:00,Annual,Purchasing power standard (PPS) per inhabitant,Social protection benefits,"Social exclusion, n.e.c.",Serbia,2016,"63,52",
ESTAT:TPS00107(1.0),07/11/24 23:00:00,Annual,Purchasing power standard (PPS) per inhabitant,Social protection benefits,"Social exclusion, n.e.c.",Serbia,2017,"69,54",
ESTAT:TPS00107(1.0),07/11/24 23:00:00,Annual,Purchasing power standard (PPS) per inhabitant,Social protection benefits,"Social exclusion, n.e.c.",Serbia,2018,"71,85",
ESTAT:TPS00107(1.0),07/11/24 23:00:00,Annual,Purchasing power standard (PPS) per inhabitant,Social protection benefits,"Social exclusion, n.e.c.",Serbia,2019,"72,21",
ESTAT:TPS00107(1.0),07/11/24 23:00:00,Annual,Purchasing power standard (PPS) per inhabitant,Social protection benefits,"Social exclusion, n.e.c.",Serbia,2020,"75,54",
ESTAT:TPS00107(1.0),07/11/24 23:00:00,Annual,Purchasing power standard (PPS) per inhabitant,Social protection benefits,"Social exclusion, n.e.c.",Serbia,2021,"80,17",
ESTAT:TPS00107(1.0),07/11/24 23:00:00,Annual,Purchasing power standard (PPS) per inhabitant,Social protection benefits,"Social exclusion, n.e.c.",Serbia,2022,"82,57",
ESTAT:TPS00107(1.0),07/11/24 23:00:00,Annual,Purchasing power standard (PPS) per inhabitant,Social protection benefits,"Social exclusion, n.e.c.",Sweden,2011,"209,54",
ESTAT:TPS00107(1.0),07/11/24 23:00:00,Annual,Purchasing power standard (PPS) per inhabitant,Social protection benefits,"Social exclusion, n.e.c.",Sweden,2012,"218,59",
ESTAT:TPS00107(1.0),07/11/24 23:00:00,Annual,Purchasing power standard (PPS) per inhabitant,Social protection benefits,"Social exclusion, n.e.c.",Sweden,2013,"226,49",
ESTAT:TPS00107(1.0),07/11/24 23:00:00,Annual,Purchasing power standard (PPS) per inhabitant,Social protection benefits,"Social exclusion, n.e.c.",Sweden,2014,"242,93",
ESTAT:TPS00107(1.0),07/11/24 23:00:00,Annual,Purchasing power standard (PPS) per inhabitant,Social protection benefits,"Social exclusion, n.e.c.",Sweden,2015,"316,2",
ESTAT:TPS00107(1.0),07/11/24 23:00:00,Annual,Purchasing power standard (PPS) per inhabitant,Social protection benefits,"Social exclusion, n.e.c.",Sweden,2016,"454,1",
ESTAT:TPS00107(1.0),07/11/24 23:00:00,Annual,Purchasing power standard (PPS) per inhabitant,Social protection benefits,"Social exclusion, n.e.c.",Sweden,2017,"360,2",
ESTAT:TPS00107(1.0),07/11/24 23:00:00,Annual,Purchasing power standard (PPS) per inhabitant,Social protection benefits,"Social exclusion, n.e.c.",Sweden,2018,"282,26",
ESTAT:TPS00107(1.0),07/11/24 23:00:00,Annual,Purchasing power standard (PPS) per inhabitant,Social protection benefits,"Social exclusion, n.e.c.",Sweden,2019,"242,03",
ESTAT:TPS00107(1.0),07/11/24 23:00:00,Annual,Purchasing power standard (PPS) per inhabitant,Social protection benefits,"Social exclusion, n.e.c.",Sweden,2020,"212,4",p
ESTAT:TPS00107(1.0),07/11/24 23:00:00,Annual,Purchasing power standard (PPS) per inhabitant,Social protection benefits,"Social exclusion, n.e.c.",Sweden,2021,"202,11",p
ESTAT:TPS00107(1.0),07/11/24 23:00:00,Annual,Purchasing power standard (PPS) per inhabitant,Social protection benefits,"Social exclusion, n.e.c.",Sweden,2022,"201,36",p
ESTAT:TPS00107(1.0),07/11/24 23:00:00,Annual,Purchasing power standard (PPS) per inhabitant,Social protection benefits,"Social exclusion, n.e.c.",Slovenia,2011,"117,1",
ESTAT:TPS00107(1.0),07/11/24 23:00:00,Annual,Purchasing power standard (PPS) per inhabitant,Social protection benefits,"Social exclusion, n.e.c.",Slovenia,2012,"132,72",
ESTAT:TPS00107(1.0),07/11/24 23:00:00,Annual,Purchasing power standard (PPS) per inhabitant,Social protection benefits,"Social exclusion, n.e.c.",Slovenia,2013,"135,14",
ESTAT:TPS00107(1.0),07/11/24 23:00:00,Annual,Purchasing power standard (PPS) per inhabitant,Social protection benefits,"Social exclusion, n.e.c.",Slovenia,2014,"153,32",
ESTAT:TPS00107(1.0),07/11/24 23:00:00,Annual,Purchasing power standard (PPS) per inhabitant,Social protection benefits,"Social exclusion, n.e.c.",Slovenia,2015,"163,8",
ESTAT:TPS00107(1.0),07/11/24 23:00:00,Annual,Purchasing power standard (PPS) per inhabitant,Social protection benefits,"Social exclusion, n.e.c.",Slovenia,2016,"161,79",
ESTAT:TPS00107(1.0),07/11/24 23:00:00,Annual,Purchasing power standard (PPS) per inhabitant,Social protection benefits,"Social exclusion, n.e.c.",Slovenia,2017,"163,94",
ESTAT:TPS00107(1.0),07/11/24 23:00:00,Annual,Purchasing power standard (PPS) per inhabitant,Social protection benefits,"Social exclusion, n.e.c.",Slovenia,2018,"181,15",
ESTAT:TPS00107(1.0),07/11/24 23:00:00,Annual,Purchasing power standard (PPS) per inhabitant,Social protection benefits,"Social exclusion, n.e.c.",Slovenia,2019,"209,78",
ESTAT:TPS00107(1.0),07/11/24 23:00:00,Annual,Purchasing power standard (PPS) per inhabitant,Social protection benefits,"Social exclusion, n.e.c.",Slovenia,2020,"233,39",p
ESTAT:TPS00107(1.0),07/11/24 23:00:00,Annual,Purchasing power standard (PPS) per inhabitant,Social protection benefits,"Social exclusion, n.e.c.",Slovenia,2021,"231,23",p
ESTAT:TPS00107(1.0),07/11/24 23:00:00,Annual,Purchasing power standard (PPS) per inhabitant,Social protection benefits,"Social exclusion, n.e.c.",Slovenia,2022,"223,49",
ESTAT:TPS00107(1.0),07/11/24 23:00:00,Annual,Purchasing power standard (PPS) per inhabitant,Social protection benefits,"Social exclusion, n.e.c.",Slovakia,2011,"84,53",
ESTAT:TPS00107(1.0),07/11/24 23:00:00,Annual,Purchasing power standard (PPS) per inhabitant,Social protection benefits,"Social exclusion, n.e.c.",Slovakia,2012,"84,96",
ESTAT:TPS00107(1.0),07/11/24 23:00:00,Annual,Purchasing power standard (PPS) per inhabitant,Social protection benefits,"Social exclusion, n.e.c.",Slovakia,2013,"85,96",
ESTAT:TPS00107(1.0),07/11/24 23:00:00,Annual,Purchasing power standard (PPS) per inhabitant,Social protection benefits,"Social exclusion, n.e.c.",Slovakia,2014,"77,54",
ESTAT:TPS00107(1.0),07/11/24 23:00:00,Annual,Purchasing power standard (PPS) per inhabitant,Social protection benefits,"Social exclusion, n.e.c.",Slovakia,2015,"67,91",
ESTAT:TPS00107(1.0),07/11/24 23:00:00,Annual,Purchasing power standard (PPS) per inhabitant,Social protection benefits,"Social exclusion, n.e.c.",Slovakia,2016,"55,44",
ESTAT:TPS00107(1.0),07/11/24 23:00:00,Annual,Purchasing power standard (PPS) per inhabitant,Social protection benefits,"Social exclusion, n.e.c.",Slovakia,2017,"51,59",
ESTAT:TPS00107(1.0),07/11/24 23:00:00,Annual,Purchasing power standard (PPS) per inhabitant,Social protection benefits,"Social exclusion, n.e.c.",Slovakia,2018,"42,62",
ESTAT:TPS00107(1.0),07/11/24 23:00:00,Annual,Purchasing power standard (PPS) per inhabitant,Social protection benefits,"Social exclusion, n.e.c.",Slovakia,2019,"47,95",
ESTAT:TPS00107(1.0),07/11/24 23:00:00,Annual,Purchasing power standard (PPS) per inhabitant,Social protection benefits,"Social exclusion, n.e.c.",Slovakia,2020,"37,2",
ESTAT:TPS00107(1.0),07/11/24 23:00:00,Annual,Purchasing power standard (PPS) per inhabitant,Social protection benefits,"Social exclusion, n.e.c.",Slovakia,2021,"39,8",
ESTAT:TPS00107(1.0),07/11/24 23:00:00,Annual,Purchasing power standard (PPS) per inhabitant,Social protection benefits,"Social exclusion, n.e.c.",Slovakia,2022,"49,74",
ESTAT:TPS00107(1.0),07/11/24 23:00:00,Annual,Purchasing power standard (PPS) per inhabitant,Social protection benefits,"Social exclusion, n.e.c.",Türkiye,2011,"16,48",
ESTAT:TPS00107(1.0),07/11/24 23:00:00,Annual,Purchasing power standard (PPS) per inhabitant,Social protection benefits,"Social exclusion, n.e.c.",Türkiye,2012,"24,21",e
ESTAT:TPS00107(1.0),07/11/24 23:00:00,Annual,Purchasing power standard (PPS) per inhabitant,Social protection benefits,"Social exclusion, n.e.c.",Türkiye,2013,"25,53",
ESTAT:TPS00107(1.0),07/11/24 23:00:00,Annual,Purchasing power standard (PPS) per inhabitant,Social protection benefits,"Social exclusion, n.e.c.",Türkiye,2014,"27,11",
ESTAT:TPS00107(1.0),07/11/24 23:00:00,Annual,Purchasing power standard (PPS) per inhabitant,Social protection benefits,"Social exclusion, n.e.c.",Türkiye,2015,"30,91",
ESTAT:TPS00107(1.0),07/11/24 23:00:00,Annual,Purchasing power standard (PPS) per inhabitant,Social protection benefits,"Social exclusion, n.e.c.",Türkiye,2016,"37,05",
ESTAT:TPS00107(1.0),07/11/24 23:00:00,Annual,Purchasing power standard (PPS) per inhabitant,Social protection benefits,"Social exclusion, n.e.c.",Türkiye,2017,37,
ESTAT:TPS00107(1.0),07/11/24 23:00:00,Annual,Purchasing power standard (PPS) per inhabitant,Social protection benefits,"Social exclusion, n.e.c.",Türkiye,2018,"31,93",
ESTAT:TPS00107(1.0),07/11/24 23:00:00,Annual,Purchasing power standard (PPS) per inhabitant,Social protection benefits,"Social exclusion, n.e.c.",Türkiye,2019,"16,35",
ESTAT:TPS00107(1.0),07/11/24 23:00:00,Annual,Purchasing power standard (PPS) per inhabitant,Social protection benefits,"Social exclusion, n.e.c.",Türkiye,2020,"17,53",
ESTAT:TPS00107(1.0),07/11/24 23:00:00,Annual,Purchasing power standard (PPS) per inhabitant,Social protection benefits,"Social exclusion, n.e.c.",Türkiye,2021,"14,68",
ESTAT:TPS00107(1.0),07/11/24 23:00:00,Annual,Purchasing power standard (PPS) per inhabitant,Social protection benefits,"Social exclusion, n.e.c.",Türkiye,2022,"23,5",
ESTAT:TPS00107(1.0),07/11/24 23:00:00,Annual,Purchasing power standard (PPS) per inhabitant,Social protection benefits,"Social exclusion, n.e.c.",United Kingdom,2011,"235,74",
ESTAT:TPS00107(1.0),07/11/24 23:00:00,Annual,Purchasing power standard (PPS) per inhabitant,Social protection benefits,"Social exclusion, n.e.c.",United Kingdom,2012,"218,77",
ESTAT:TPS00107(1.0),07/11/24 23:00:00,Annual,Purchasing power standard (PPS) per inhabitant,Social protection benefits,"Social exclusion, n.e.c.",United Kingdom,2013,"198,16",
ESTAT:TPS00107(1.0),07/11/24 23:00:00,Annual,Purchasing power standard (PPS) per inhabitant,Social protection benefits,"Social exclusion, n.e.c.",United Kingdom,2014,"188,45",
ESTAT:TPS00107(1.0),07/11/24 23:00:00,Annual,Purchasing power standard (PPS) per inhabitant,Social protection benefits,"Social exclusion, n.e.c.",United Kingdom,2015,"175,33",
ESTAT:TPS00107(1.0),07/11/24 23:00:00,Annual,Purchasing power standard (PPS) per inhabitant,Social protection benefits,"Social exclusion, n.e.c.",United Kingdom,2016,"171,83",
ESTAT:TPS00107(1.0),07/11/24 23:00:00,Annual,Purchasing power standard (PPS) per inhabitant,Social protection benefits,"Social exclusion, n.e.c.",United Kingdom,2017,"167,18",
ESTAT:TPS00107(1.0),07/11/24 23:00:00,Annual,Purchasing power standard (PPS) per inhabitant,Social protection benefits,"Social exclusion, n.e.c.",United Kingdom,2018,"161,78",p
